example_id,conversation_id,customer_tweet_id,customer_text,support_text,intent,label_notes
EX_0000,1973515,1973515,My phone is loosing battery while on the charger wth @115858,@584463 Thanks for reaching out! We’d be happy to help with your battery. DM us your exact iOS version. We’ll continue from there. https://t.co/GDrqU2kzhr,BATTERY_DRAIN_HEALTH,
EX_0001,1261360,"1261360,1261358",@AppleSupport Is there another way to unlock an iCloud account? Email isn't working and forgot answers to questions. | @AppleSupport iPhone Activation Lock,"@280886 Hello, we can help. To be sure we provide the most accurate info, are you referring to iPhone Activation Lock or Apple ID lock? | @280886 Thank you. For assistance with this, please reach out to our Account Security support here: https://t.co/p9bPZEcl5d",APPLE_ID_ICLOUD,
EX_0002,2298609,2298609,@AppleSupport apps keep crashing after updating ios,"@667222 Let's work together to figure this out. Do you have any app updates available? To check open the App Store and tap Updates. Also, what's the exact version of iOS that you're using?",APP_CRASHING,
EX_0003,2967809,2967809,"@113894 Responds to ping, and web server replying, but cannot authenticate ssh or IMAP.","@818705 We'd like to look into this with you, Neil. Reach out via DM and we'll get started. https://t.co/GDrqU22YpT",OTHER_UNCLEAR,
EX_0004,1526941,"1526941,1526940",@AppleSupport vazgeç tuşuna nasıl basacağız büyük Apple? https://t.co/SW7eGcs0ww | @AppleSupport Where is “vazgeç” button on screen? İ can not touch it.,"@474151 We offer support via Twitter in English. Contact us for help in your preferred language here: https://t.co/IBIY3vMgPj | @474151 We’re happy to help. Send a DM telling us the iPhone you have, the iOS version it’s running, and the app in the screenshot. https://t.co/GDrqU22YpT",DEVICE_FREEZING_UNRESPONSIVE,
EX_0005,1625031,1625031,@115858 ios11.1 is awful phone gets stuck all the time😡,@497670 We'd be happy to help. Send us a DM and we can start there. https://t.co/GDrqU22YpT,DEVICE_FREEZING_UNRESPONSIVE,
EX_0006,1846296,"1846296,1846294","@AppleSupport, um excuse me. My Apple Music severely acting up and I want it fixed. | @AppleSupport Everytime I play a song, the song never plays, instead it just jumps from song to song &amp; this pops us. What's going on. https://t.co/3f2GqBo6LU",@553019 We're here to help. Can you provide us with more details on what you are experiencing in Apple Music? | @553019 We'd like to gather some more information for better troubleshooting. Can you DM us the country you are located in? https://t.co/GDrqU22YpT,APPLE_MUSIC_LIBRARY,
EX_0007,2410143,2410143,@AppleSupport when i open snapchat or get a snapchat from someone and I’m listening to music my music stops or my apple music app crashes and when i’m reading an e-book sometimes my music will just mute itself i have an iphone 7 that is up to date with iOS 11.2,@692953 We want to help you get your music back on the right track. Join us in DM and we'll start working on this together. https://t.co/GDrqU22YpT,APP_CRASHING,
EX_0008,612853,"2205725,612893,2207699,612882,612883,612878,2212781,612889,2212921,612888,2212779,2205727,2217680,612903,612902,612904,612900,612899,612896,2287940,612931,612905,2229374,612958,612937,612907,612923,612906,2277034,612967,612911,612910,2284178,613015,613016,613018,612977,2304008,612978,612980,612981,612983,612988,2341855,612987,2345980,612989,2356603,612990,2356605,2205932,612992,612995,612994,2255420,612913,612914,612915,612920,2253534,2266146,612936,612939,2284646,612935,612917,2276288,612919,2277685,2284177,612938,612942,612940,2285660,612921,2277033,612924,612929,612928,612927,612962,2287939,2207410,612946,2276964,612950,612949,612951,2255417,612953,612954,612858,2290488,612960,612965,2299423,612966,2298295,612971,612970,612974,1557115,612982,612890,612973,612932,612872,612873,612875,612871,612874,612891,2302491,612884,2284643,613011,613013,613012,2555357,2557281,613014,2557283,2557285,2255418,612996,612997,612999,613000,613001,2403779,613003,613004,2439762,613005,2446352,2446350,613006,2446348,2471314,613008,613010,612849,612848,612851","@AppleSupport Make this addition: 1+2+3= and you will see the (wrong) result | @AppleSupport What about seeing that in messages on my MacBook Air? | @AppleSupport Hi. It’s the iPhone 6 and iOS 11.1.0 | @AppleSupport Hey @AppleSupport, I completed the 11.1.1 update, and I am still seeing the symbol(s). What’s up with that? | @AppleSupport My iPhone won't let me update the new iOS I've been trying for almost a month and it won't let me, i have and iPhone 7!! | @AppleSupport My phone has been dying really quick since the iPhone 8 came out and I was wonder what’s wrong with it | @AppleSupport Just updated to 11.1.1 but power is really being deleted FAST | @AppleSupport There’s still an “I”in my emoji keyboard | @AppleSupport All contacts. I have the iPhoneX. And tried restarting it after pressing the two volume buttons | @AppleSupport Hello , I Updated It And It Still Show The Box🙄 Please Help. | @AppleSupport DM ? | @AppleSupport @644910 This is a well known issue. A DM is not going to solve a bug in the Calculator app. | @AppleSupport @355605 There is no feature to sync messages. This was supposed to come in iOS 11 but was delayed. | @AppleSupport No but apps are crashing when airplaying audio to AppleTV (WiFi) or my car stereo (Bluetooth). | @AppleSupport I’m still seeing A followed by question mark box instead of an i, I’ve already updated to the latest iOS... this is getting beyond a joke now | @AppleSupport My software update tab talks about the newest update but doesn't allow for a download when will this roll out? iPhone 6s plus | @AppleSupport Apple Music lags a lot on my iPhone 7 running iOS 11.1.1. Already did a factory reset but the issue still persists. I have around 1600 songs in my playlist. | @AppleSupport Any idea when the Bluetooth bug will be addressed? It disconnects constantly from speakers, handsfree kits etc! IPhone7+ on iOS11.1 (was fine on iOS10!) | @AppleSupport Sign back the ios 10 latest version. I hate the ios 11 on my iphone 6. Turned it into a slow, buggy, almost useless phone. Seriously, I am one of many people whp have this unnesecery issue here. | @AppleSupport I have the iPhone 6s and I’m at like 100% in the morning at like 6:30 and by like after noon it’s like at 50%. And I just got the update a couple days ago | @AppleSupport Freezings and slowness in some apps, most in games. iPhone 6s and iOS 11.1. Please help! | @AppleSupport I have a complaint....I have iPhone 6s and due to the new update iOS11.1 .my app is not updating ...and always coming a pop up msg of verification and telling me to make payment..and when I m making through my debit/credit card ..it is declining my payment.pls ressolve this issue | @AppleSupport I already stated that I’m on the latest update.... | @AppleSupport I bought IPhone 8 &amp; already facing an issue with the app store. When ever I download an app, the download circle beside the app keeps rotating but doesn’t download and then after few days I see the app in my home screen(downloaded). Its NOT wifi or LTE issue. | @AppleSupport Gold star for fixing your glitch ... now how about fixing this battery life issue. That’d be great | @AppleSupport After updating to the most recent iOS fixing the “I” situation, my iPhone 7 keeps telling me I don’t have a SIM card? I’ve rebooted, but same situation occurs. | @AppleSupport Your IOS 11.1 update is a disgrace ... sort it out 👎👎👎👎 can’t send a message from contacts etc 🍎 R a Joke ... test your updates before ruining millions of phones | @AppleSupport I've done the update but I still have an issue where if I'm reading something on my phone (eg, a tweet), ""I"" will be replaced with ""!  [?]"". This only happens on my phon, the same tweet looks normal on a computer. | @AppleSupport Just updated it and guess what - still no better - can’t send a text from contacts - so once again 🍎 have failed 👎👎👎👎👎👎👎 https://t.co/K9YfQnvZF2 | @AppleSupport When are you going to do a software update for the ear piece in the 6 and 6s. You’ve done a fix for the 7 and 8! As my ear piece is awful since the update it doesn’t take a genius | @AppleSupport Hey, I have a bug with the calcalutor app? Can you help me? | @AppleSupport I updated the software and I still see it.... | @AppleSupport My operating system is completely up-to-date. In fact...I didn’t have battery issues to this extent until after iOS 11 came out. Subsequent updates have done little to cure the problem | @AppleSupport I’m only seeing this bug over social media instead of messages/autocorrect. not sure if it’s from iPhone or Android users, but it did not resolve with the update. | @AppleSupport A I | @AppleSupport @118101 @AppleSupport what is a reasonable amount of time an iPad should last? Mine lasted 2 and a half year then stopped. I was laughed at in the #EE store when I mentioned the #consumer rights act. #dissapointed | @AppleSupport iOS 11 ruined my iPhone 6s and now the misery continues with the “I️” to ? BS. | @AppleSupport Thanks :) | @AppleSupport This didnt work for my iPhone X. Any other suggestions? | @AppleSupport I updated my phone but still appears on my Twitter app | @AppleSupport What is happening I bought it before one week and it happened alone ?????😡😡😡😡 https://t.co/0IPJhhXk1a | @AppleSupport Ipad pro 10.5 (2017) 256gb wifi only. After IOS 11.1.1 Update I have MASSIVE battery drain. 2hr10 min online film streaming took from 100% down to 52%. | @AppleSupport Will you guys stop worrying about the new iPhones and fix the rotating screen? | @AppleSupport United Kingdom. IPAD is about month old. Before update could easy play games (mobile legends, arena of valor) and stream films for about 4.5hr before it dropped down to 50% mark. | @AppleSupport Does it fix all the other f- ed problems too? | @AppleSupport I have 11. And I know multiple ios 11 users that have it. I have the screen rotation locked and it will do it by itself every now and then so I have to unlock it and rotate it back | @AppleSupport What is thes ????😬😬😬 https://t.co/J9OhZxJX0Y | @AppleSupport It stops working after the update | @AppleSupport I have complain made update to 11.1.1 and now very slowly and some time stuck up please do it something @AppleSupport @115858 | @AppleSupport Yes | @644979 @AppleSupport Same with me. I have iphone 7 and the battery drains very quickly. Though i use it a lot but still the battery drains very quickly.  And this wasn’t the same before the update | @AppleSupport I updated and my iPhone still does it | @AppleSupport I’ve just updated and my volume controls aren’t working and my phone keeps muting itself 😭 this is awful!! | @AppleSupport Morning team. Since installing 11.1.1 on my 6S+ have been watching the battery percentage count down when not connected to wall charger - is it me? | @AppleSupport Is it a problem if I'm on Android 7.0? | @AppleSupport I installed the new software today 🤨 and we still it | @AppleSupport I updated my phone today and it still has the i glitch | @AppleSupport Why wifi and Bluetooth on automatically. Please stop | @AppleSupport Não dá iOS 11.1.1 voltando pr 11, adeus, n dá mais, trava mais q meu pc | @AppleSupport Yes I did that this afternoon. All up to date | @AppleSupport Since I installed iOS 11.1 my phone is not working very well as iOS 11, it’s stopping so many times, do you think it could be just with me and I should go to a local Apple Store or wait for the next update? | @AppleSupport My iPhone x has a green line on the screen.
Whats going on here? | @AppleSupport You guys updated the software and a lot of things are wrong with the phone now. | @AppleSupport Also the update you say fixes the problem with the “i” doesn’t fix it in email or other apps. | @AppleSupport i am seeing fast battery drain still iphone 6  ios 11.1.1 .        fix the issue please on next build | @AppleSupport I’m still seeing those boxes. What should beta users do? When is the next beta coming out? | @AppleSupport DM? Translate for me, plz. Sorry for english. | @AppleSupport I have an iphone 6 and after the update I have restarted the phone more than 5 times and some apps don’t open. | @AppleSupport This is since iso10. You guys have told me it’s to do with software so won’t replace under warranty. Ps how do I dm if it’s frozen lol | @AppleSupport @347397 Also having the same problem as the gentleman above. This is widespread. Could the company just make an update that fixes the issue? | @AppleSupport Mine still does it | @AppleSupport Hey ya’ll it still happens to me when I️ type I️ | @AppleSupport Hello, software update no longer shows iOS 11.1 only iOS 11, is that mean all bug fixes of 11.1 has been reversed?? I'm hesitating to update | @AppleSupport I used the shortcut tip and it fixed the typing but I still see it in posts. | @AppleSupport Updated to the latest version and STILL seeing this problem in text on certain websites where the letter I gets displayed as a box with a question mark | @AppleSupport 👎👎👎👎👎 | @AppleSupport This update hasn’t worked because I can still see it!! | @AppleSupport I’m running on ios 11.2 currently how do I update to 11.1.1 I’m not provided w any update option! | @AppleSupport It didn't fix it. iOS 11 has been a disaster since day 1. | @AppleSupport Updated the phone software and this issue is still not fixed | @AppleSupport This didn’t work | @AppleSupport @664726 Yeah that’s useless. iPhone 7+ shouldn’t drain nearly as fast as it has since the update. I wish I could go back. | @645373 @AppleSupport My advice is don’t do it until they work out this battery issue unless you’re cool with a 3-4 hour battery life. | @AppleSupport Why am I still seeing it even after updating? | @AppleSupport Sure, the apps are: twitter, firefox and instagram. I have to restart the phone when I tried to modify something in the settings (eg. Wifi, bluetooth active/deactive). And it’s getting slow apparently without reason. | @AppleSupport I updated my phone and it still does it https://t.co/XAOEimt9k9 | @AppleSupport Nah i got the newest update and I still see that question mark crap. Rip. | @AppleSupport Does this update also solve the terrible problem of low battery life after iOS 11? 11.1 did not fix and I️ am still feeling duped. | @AppleSupport @88621 After installing the latest update , my i phone 7 completely stopped working ! | @AppleSupport I have the iOS 11.1.1 update &amp; im still having the issue you supposedly fixed . This is the most annoying thing | @AppleSupport I updated my iPhone to the latest update but it still won’t work I’ve also done the keyboard replacement for it and it still doesn’t work. | @AppleSupport After installing the latest update , my i phone 7 completely stopped working ! | @AppleSupport Ios 11.1 and i am facing problems with only App Store downloads | @AppleSupport Im using iphone 6s..after update iOS 11.11.1 my phone auto pop pup n auto touch, auto type, auto col, n wen i scroll up or down my screen vibrat.. N fon become slow.. Pls assist me.. | @AppleSupport That update screwed up my iPhone 8plus! It won’t stop shutting off 🤬 | @AppleSupport I already have once and no one got back to me. Have tried again 😟 | @AppleSupport Downloaded the update and I’m still seeing the question mark block | @AppleSupport From other people | @AppleSupport A[?] don't know what you're talking about. | @AppleSupport Hello i have IPhone 6 32 GB  IOS 11 Having Issue With Posts in Facebook / Instagram / Twitter App Some Post Have Large Padding With Blank Space Please Check Attached Image Thanks. https://t.co/hAL3w6UaXm | @AppleSupport I updated few hours ago and since then, my Touch ID tends not to work. I use iPhone 8. Does anyone have the same problem? | @AppleSupport I think I'm going to skip that one | @AppleSupport How come my 6+ iphone sometimes gets this grey bar on it and disappears... tried taking it in and it us out if warranty.  The suggested I trade it in... is that my only option fie my 128gb phone? | @AppleSupport How about m, why my contacts doesn’t pop up when I search for em on Spotlight search. | @AppleSupport What about podcasts and music not showing up on the home screen? Is that fixed? | @AppleSupport I just want my phone to work!  #iPhone7Plus 3 months new and all it does it freeze until a reboot! | @AppleSupport I only see 11 when I go to Software Update | @AppleSupport it still doesn’t work smh | @AppleSupport I have a complaint. Often when I screenshot, tap share, then tap message.. it will take a long time to load or just freeze. So annoying. | @AppleSupport Is there anyway to restore deleted photos? | @AppleSupport The calculator app DOESN'T WORK PROPERLY | @AppleSupport I got 11.1 and still get it on the suggested typing and I don't have time to correct it. | @AppleSupport Both have issues. On both sometimes nothing shows up. On control center, music/pdcast playing, but doesn't show. Can't pause,stop. Sometimes the name will be there but function is wrong. Play button when should pause | @AppleSupport Please sort out the battery issue. Getting beyond a joke now !! | @AppleSupport those options are just a bandaid for the real issue in the software still. | @AppleSupport Hey apple I️ have a 7+ and it gets HOT every time I️ use it | @AppleSupport This issue is happening on the Mac. 11/14 in Safari reading email and today in a text message. Please fix. | @AppleSupport My phone is having volume issues ever since the new update. Is that a known problem? It keeps turning itself on mute and won’t allow me to listen to anything | @AppleSupport When I’m seeing content from others. But, when I copy and paste, it shows up as an “i”. | @AppleSupport 6s. It does it all the time, regardless of the app. And yes I have the newest update installed. | @AppleSupport Since I️ updated my iPhone, it starts to lag when it turns off, also when I️ turn it back on the Apple logo blinks, and battery dies. | @AppleSupport I do. Have had the same case since day 1. Urban Armor Gear | @AppleSupport Negative. It’s switched to loud mode but keeps flipping back and forth between silent and loud. And when it does switch to loud it automatically starts turning the volume down | @AppleSupport @88621 @92817 | @AppleSupport I have the latest update but I’m still seeing the box .. any ideas ? | @AppleSupport I’m still seeing it 🤬 | @AppleSupport This issue is still happening to me. I can’t see the i letter on text it just comes up as a ? In a box | @AppleSupport When we going to get a fix for this horrid battery life/drain? Ridiculous | @AppleSupport I didn’t see this problem but after last update my phone is vibrating 10 times after every half an hour 🤔🤔 I am worried 😧 it’s my iPhone 7 Plus | @AppleSupport Im running the newest update 11.1.1 it happens when reading something else someone typed still | @AppleSupport Doesn’t work 😠😡 | @AppleSupport Your update didn’t fix it I updated and I’m still seeing the symbols on posts | @AppleSupport I have | @AppleSupport Still experiencing the issue after the update! | @AppleSupport Viewing other messages because I already did the manual fix to fix my own. | @AppleSupport Am I still seeing them because those people haven’t updated? | @AppleSupport Still doesn’t work on the 7 plus 😞😞😞 | @AppleSupport Thanks! | @AppleSupport I did. It’s still the same. Look ios 10 was perfect. It is bs to whoever decided to unsign ios 10 when 11 was a complete bs. My phone can’t run ios 11 that smoothly or vice versa or whatever. I want my iOS 10 back. Or I’ll switch back to samsung... | @AppleSupport I already installed the latest update 11.1.1 but now suddenly my iPhone turned to the white page &amp; hot to touch, I spend 1 hour trying to firgure this out but nothing is working. WHAT CAN I DO !!!!!!!!!!!!!!!!! | @AppleSupport Currently confusing is receiving messages from other devices in iMessage in High Sierra. Seeing the glitch on the computer but on the iOS end seems fine? #variationselector16#whatisgoingon | @AppleSupport Still experiencing this on my iPhone 8 Plus 🙄 Apple fix it @AppleSupport | @AppleSupport It’s just in social media apps | @AppleSupport On other people’s post and messages","@645453 Thanks so much for reaching out! We know how important your battery life is, so we'd be happy to look into what's going on. To start, can you let us know which device and software version you're experiencing issues on? | @211654 Thanks for letting us know that you're still having issues. Just to confirm, do you have iOS 11.1 or iOS 11.1.1? | @644910 Please send us a DM and tell us which iPhone you have along with the iOS version it's running. https://t.co/GDrqU22YpT | @355605 Let's help. Are you currently syncing your messages from your iPhone over to the computer? Does this happen when sending messages or only when receiving them? | @645453 Got it, thanks! Going forward, we'd like to have you take a look at the steps listed here, https://t.co/KyywFa9iZ3 does your iPhone show this message? DM us the answer below. https://t.co/GDrqU22YpT | @645402 We'd like to look into this further. Please DM us to continue working on this. https://t.co/GDrqU22YpT | @645373 Thanks for reaching out to us. We certainly want to help out with this. Have you tried updating using iTunes? | @664726 We can work together and check out what's going on with your iPhone. What iPhone model do you own? Does iOS 11.1.1 show in Settings &gt; General &gt; About? How long does iPhone last from a full charge? | @211654 Understood. Let's get you to DM. It'll provide us with more room to work. https://t.co/GDrqU22YpT | @646745 We'd like to take a look into what's going on. Send us a DM with your device type and iOS version to get started. https://t.co/GDrqU22YpT | @137093 Let's work together on this issue together. Send us a DM with your exact iOS version to get started. You can find this in Settings &gt; General &gt; About. https://t.co/GDrqU22YpT | @646720 We appreciate you coming back with some feedback. Confirm for us in DM whether you're referring to iOS 11.1.1 See you there! https://t.co/GDrqU22YpT | @211654 Sure, just click the link below and message us. It's private messaging. https://t.co/GDrqU22YpT | @650588 We've just released an update, iOS 11.1.1. Check if you are on that at Settings &gt; General &gt; About &gt; Version. | @650586 Thanks for letting us know. Let's get you connected with our experts in all things Apple TV. They can be reached here:
https://t.co/IBIY3vMgPj | @650584 We want to look into this with you. Restart your iPhone and try again. If the issue continues try these steps: https://t.co/Ui1yTnOCUz DM us if you continue to have issues and we'll further into this with you. https://t.co/GDrqU22YpT | @229934 That's not the ideal experience when you're trying to listen to music. Let's chat over in Direct Message and we'll see what's causing it to lag. https://t.co/GDrqU22YpT | @706818 We're here to help. Have you updated your iPhone to iOS version 11.1.1? | @664726 We know how important battery life is. Let's ensure that we're getting the most out of yours. Check this out: https://t.co/bivpdfBNJ6 | @662054 No problem, we're here to help! Shoot us a DM with any specifics you have and we'll take it from there. https://t.co/GDrqU22YpT | @652398 We can help get you to the right team. For billing &amp; buying issues reach iTunes Store Support here: https://t.co/SDIe7UA9Bl | @287512 An update has been released to assist a variety of issues. If you haven’t yet, please back up your device and update it to the latest version iOS 11.1.1. For more info, check out: https://t.co/xXaXeeSRt9 | @347397 We'd be happy to address any battery issues you're seeing. Can you start by confirming you're updated to iOS 11.1.1? If not, try our steps to back up and update here: https://t.co/6p9Tcj51N4 | @665342 We'll help out. You're not having issues with any other downloads? What iOS version is running on the iPhone 8? | @653423 We'd like to help with the SIM card message. Let's have you look over this link. https://t.co/UTP2qBi1Is | @779927 We certainly want to help to get this resolved. Go ahead and reach out to us in DM and tell us exactly what version of iOS you're currently running. Also, to narrow this down, let us know if this happens when you type something or just reading others. https://t.co/GDrqU22YpT | @667425 We'd be happy to look into any sound issues you're experiencing. Can you please DM us? https://t.co/GDrqU22YpT | @523920 Thank you for confirming that. Please create a backup for your data, and update your iOS to version 11.1.2 as described here to see if that resolves the problem: https://t.co/80YRnjDFDk DM us if you still need help. https://t.co/GDrqU22YpT | @733734  Are you seeing this issue when you send a message or when reading messages? Let us know in DM; we'll continue from there. https://t.co/GDrqU22YpT | @735335 We want to help you. Please send us a Direct Message and we'll go from there. https://t.co/GDrqU22YpT | @740622 We'd like to find out more about what's going on with your iPad. Please send us a DM, and we'll work together there. https://t.co/GDrqU22YpT | @669694 This isn't the experience we want you to have with a new update. Please send us a DM and tell us what's going on with your iPhone. We'll meet you there to help. https://t.co/GDrqU22YpT | @670130 Thanks for trying. Send us a DM and we'll continue this conversation there. https://t.co/GDrqU22YpT | @668522 You're very welcome. If you have any additional questions, please DM us with the link below. Have a great week! https://t.co/GDrqU22YpT | @672554 We're here for you. Is it appearing when you type, or just when viewing other posts? If you only see this when other people post on Twitter, this is normal. They would need to update their device to correct this. | @671656 Thanks for reaching out to us for support. We would love to help you. Please DM us so that we can look into this together. https://t.co/GDrqU22YpT | @670209 Thanks for reaching out. DM the country or region where you are currently located to get started. https://t.co/GDrqU22YpT | @345217 We're here to help out. When did you first notice this rotation issue? Which iOS version do you have installed? | @670209 Thanks for reaching out. So we can help, DM and troubleshooting steps you have tried on your own so far. https://t.co/GDrqU22YpT | @679106 To confirm, have you had a chance to install iOS version 11.1.1? If you have, and are still noticing an issue, DM us. We’ll take it from there. https://t.co/GDrqU22YpT | @345217 Let's take a look at it together. Please send us a DM so we may better assist you. https://t.co/GDrqU22YpT | @680795 We'll be happy to look into any concerns you have with your device. Could you let us know more about what you're questioning just so we're clear on what's going on? | @680795 To make sure we understand, your device is stuck at the Apple logo, correct? | @681955 We'd like to know more about the trouble you're having so we can see how we can help. Let's chat over in Direct Message and let us know what device this is occurring on. https://t.co/GDrqU22YpT | @680795 Thanks for clarifying. Let's work through the steps here to see if we can get it restarted and working once again: https://t.co/iE95lxiuIy Please DM us if the issue continues. https://t.co/GDrqU22YpT | @681940 We want your iPhone to be available for you when you need it. Meet us in DM where we can partner together to investigate where your charge is going, and plan the most relevant steps to help you use your iPhone confidently! https://t.co/GDrqU22YpT | @682301 Let's take a closer look into this issue further. Select the following link to join us in a DM and we'll continue there. https://t.co/GDrqU22YpT | @682290 Hello there. We got your DM, please have a look there for our response. | @683064 We can help you. DM us, and we'll look into what's going on with your battery percentage. https://t.co/GDrqU22YpT | @656921 We're happy to help. Can you tell us what is going on with the calculator? https://t.co/GDrqU22YpT | @88621 We recently released an iOS update, 11.1.1, that contains a fix for autocorrect issues. Let’s be sure to back up your device prior to updating. Follow the steps here: https://t.co/80YRnjDFDk | @656890 Are you seeing it when you're composing and sending messages, or are you seeing it within messages sent from others? What device are you using? Meet us in a DM, we'll continue there. https://t.co/GDrqU22YpT | @347397 We understand your concern, and want to work with you to determine what’s responsible for consuming your power. Please meet us in DM to continue. https://t.co/GDrqU22YpT | @511049 Please join us in DM where we can dig in on this. https://t.co/GDrqU22YpT | @656470 Let us help you get this sorted out. To confirm, have you updated to the latest iOS version 11.1.1? You can check at Settings &gt; General &gt; About. | @438926 We can shed some light on this issue. How are you going about turning off Bluetooth and Wi-Fi? Does this article help explain what is happening? https://t.co/G7BHuQnDS6 | @659621 Since our Twitter support is available in English, get help at https://t.co/IBIY3vMgPj or join https://t.co/pvaOFfPbjt | @656470 Great. So, let's get this sorted out. Join us in DM so we can better assist you: https://t.co/GDrqU22YpT | @659621 Let's have a closer look at this. Please DM us. https://t.co/GDrqU22YpT | @663920 Send us a DM, please. Let us know the country you're located in and we'll do our best to help. https://t.co/GDrqU22YpT | @663912 Thanks for reaching out. DM us more info about your experience and we'll get you to the right spot. https://t.co/GDrqU22YpT | @663911 We definitely understand how battery issues could keep you from using your iPhone as you'd expect to. We have some great optimization steps you can take. Complete each step here and let us know the result: https://t.co/BGb00taxed | @664180 Thanks for contacting us. Let's look into that. Are you seeing the boxes when you try to type, or are you only seeing that appear in messages or posts from other users? | @662054 No worries! We mean we'd like to move our conversation over to Direct Message and continue working with you there. Tap this link to continue: https://t.co/GDrqU22YpT | @481348 We've recently released iOS 11.1.1, which includes the latest bug fixes and improvements. Let's create a backup and update your iPhone following the steps here: https://t.co/80YRnjDFDk | @662198 We're here for you. Can you tell us which applications have been displaying this behavior? And are you restarting your iPhone because of these applications not launching, or is it for another reason? | @662344 We want to work with you further. Lets DM from another device or computer to get started. https://t.co/GDrqU22YpT | @662655 Let's check into it. Do you see this when you type or when others send you messages? Tell us in DM, please. https://t.co/GDrqU22YpT | @662810 We’d like to look into this with you. To start, send us a DM confirming which device and exact software version you’re using. https://t.co/GDrqU22YpT | @662962 Are you seeing that where other people have typed it? If so, that's where other people were having the issue. There wouldn't be a problem with your device. If your device is still typing those characters, send us a DM. https://t.co/GDrqU22YpT | @663335 Thank you for reaching out to us. We want to help. Just so we completely understand the situation, is the issue occurring when you're typing, or are you seeing it in other people's messages? Let us know in DM. https://t.co/GDrqU22YpT | @663441 We’d like to offer our support. Please DM us which device and iOS you’re using to begin. (Settings &gt; General &gt; About) https://t.co/GDrqU22YpT | @662019 Let's take a closer look in DM. Here's a link to reach out to us. https://t.co/GDrqU22YpT | @663531 It would appear that you're using an iOS beta software. Are you looking to uninstall the beta? If so, check out this resource: https://t.co/rEEDcjXdhp DM us if you have any additional questions. https://t.co/GDrqU22YpT | @666521 We'd like to look into this further. Please click here to connect with us in DM: https://t.co/GDrqU22YpT | @664727 We still want to help you. DM us, and we'll look into what's going on deeper. https://t.co/GDrqU22YpT | @664727 Thanks for reaching out. If you're having an issue with your battery life, we'd like to assist. Send us a DM with your iPhone model. We'd like some details to continue. https://t.co/GDrqU22YpT | @666851 We want to help you. Can you DM us? Here's a link to DM us. https://t.co/GDrqU22YpT | @667040 We're here to help. Let's take this to DM so we can better assist you. https://t.co/GDrqU22YpT | @166033 We can help with both issues. Could you Direct Message us so we can look into this further with you? https://t.co/GDrqU22YpT | @662198 Got it, we would love to take a further look into these issues and see what we can do. Send us a DM and we'll get started. https://t.co/GDrqU22YpT | @440368 Thank you for reaching out to us. We'd like to gather more information to find a solution. DM us the device you're using and what you're experiencing and we will go from there. https://t.co/GDrqU22YpT | @667148 Let's work together to figure it out. Are you seeing the issue from other people or actually experiencing it yourself still while typing? | @667239 We appreciate you reaching out. Which iPhone are you using? Does this happen with every app that uses the keyboard? Let us know via a DM. We’ll keep moving from there. https://t.co/GDrqU22YpT | @466632 We're here to help. What do you mean by it ""completely stopped working""? Is the device unresponsive? What are you seeing? | @665342 We'll do all we can to help out. If you go to Settings &gt; General &gt; Software Update, are you able to update to 11.1.1? | @667605 We'd love to help you with this. DM us and we'll go from there. https://t.co/GDrqU22YpT | @668124 Thank you for taking the time to contact us about this. Does your iPhone power off when you're using a specific app? Does it power on again by itself? Please send us a DM and we'll work together there. https://t.co/GDrqU22YpT | @668212 We'll be happy to look into this with you. To confirm, you installed iOS 11.1.1, correct? Are you still seeing the question mark on messages you are typing or those received from others? Please DM us here: https://t.co/GDrqU22YpT | @667148 Got it. Since this isn't happening with your keyboard, it would be something on the other person's end. They'd need to update to the latest software, and reach out to us directly if they are experiencing any issues. | @668465 We recently released an iOS update, 11.1.1, that contains a fix for autocorrect issues. Let’s be sure to back up your device prior to updating. How to back up: https://t.co/4f8hwT5to6 | @668522 We're happy to do everything we can to help. To start, can you tell us which iOS 11 version you're using? If you haven't updated to iOS 11.1.1, we'd recommend creating a backup and updating to see if this helps. Here's how: https://t.co/ahjigcvFRG | @668802 We'd like to help with this. We've received your DM and will continue from there. https://t.co/GDrqU22YpT | @671107 Thanks for reaching out! Could you DM us a screenshot of this grey bar so that we can see what's going? https://t.co/GDrqU22YpT | Seeing an i️ whenever you type “i"" in iOS 11.1? 

Fix it by installing the latest software update.
https://t.co/NX7ObPTLvY | @137093 Let's help get Spotlight locating those contacts properly. Does this issue occur when searching for a specific contact, or does it seem to happen for all contacts? | @662344 We want to help. Does iOS 11.1.1 show in Settings &gt; General &gt; About? Meet us in DM of when you notice the freezing, please. https://t.co/GDrqU22YpT | @566668 We're happy to assist. Can you explain a little more of your issue to us? Do you want your Podcasts and Music to show in the Control Center while the display is locked? | @644979 We'd love the opportunity to assist. Which device and iOS version are you using? Does this slow response appear when you are tapping the share icon, or when you tap the message icon? | @644978 Hi there. DM us and we can take a closer look. https://t.co/GDrqU22YpT | @644943 We’ve got your back. Do you see iOS 11 as up-to-date when using your device on another Wi-Fi network? | @772829 That's a great question! This has some great information about some things to check: https://t.co/BiHWjm8W9p 

For more help, connect with our Photos specialists here: https://t.co/IBIY3vMgPj https://t.co/GDrqU22YpT | @644910 What sort of trouble are you having with your Calculator app? Have you been able to update to the latest version of iOS and check the behavior you've noticed previously? You can check your iOS version in Settings &gt; General &gt; About. | @663911 We're happy to look into the battery issues further with you. Did you notice any improvement after you completed the optimization? Please DM us your answer. https://t.co/GDrqU22YpT | @723566 We want you to enjoy your iPhone; we'll do all we can to help. It can be normal for your iPhone to get warm during use. You can learn more about that under ""Your device might get warm"" here: https://t.co/8q3hkGr1Gp | @725628 We'd be happy to dig into what's causing the autocorrect issue that you're seeing. When you mention that it's happening on your Mac, is it happening when you type the letter i or are you just seeing the issue when viewing content that others have typed? | @523920 We'd like to check into this with you. Which iPhone are you using? Also, just to confirm, are you updated to iOS 11.1.1? Have you noticed this happening in any specific apps? | @523920 Thanks for confirming this information. Do you have a case on your iPhone? | @693679 We can help you. Send us a DM with more details on what apps you're using when this happens. https://t.co/GDrqU2kzhr | @523920 Do you notice if the mute switch is ever turned on by accident when you notice the sound is muted? | @685846 We want to help you resolve this issue. Please join us in DM and we'll get started. https://t.co/GDrqU22YpT | @690174 Thanks for letting us know! Let us know which device you’re using in DM. We’ll take a closer look at this with you there. https://t.co/GDrqU22YpT | @691476 We certainly want to help get this resolved. To confirm, is this happening when you type or reading it somewhere else? Also, what version of iOS is currently running on your device? We look forward to hearing from you soon. | @691475 We can definitely look into this with you. We want to be sure you get the most out of your battery life. 
Which device are you using? 
Which iOS or macOS are you running? 
DM us and let us know. https://t.co/GDrqU22YpT | @691753 We've received your DM and you can expect a response there shortly. https://t.co/GDrqU22YpT | @699765 To clarify, have you updated the iOS to version 11.1.1? If so, and the issue persists, let's meet in DM. We'll take a closer look. https://t.co/GDrqU22YpT | @700036 The iOS 11.1.1 update resolves the autocorrect issues. To verify, are you seeing this in posts you made, or in others posts? If it's in others, that person needs to update or it was published before they updated. | @173859 Are you seeing the error when typing your own messages or viewing other people's messages? If it's occurring with your own messages, join us in DM, we'd like to look into this further. https://t.co/GDrqU22YpT | @173859 For messages from others to not show the issue they would need to fix things on their end. | @173859 For messages from others to not show the issue, they would need to update to iOS 11.1.1 on their end. You can remove the text replacement at this time, to make sure the update corrected the issue on your device. | @701330 The iOS 11.1.1 update resolves the autocorrect issue. If you're still seeing that in other peoples messages after updating, it means the person who published the message needs to update or published the messaged before updating. | @173859 You are very welcome. Reach out to us if you need any more assistance. | @706818 Thanks for making sure you're on the latest iOS. Each new iOS has new security and advanced features. For these reasons, we're unable to go back to an older iOS version. Meet us in DM, so we can work with you to help with the problems you're currently experiencing. https://t.co/GDrqU22YpT | @711534 Let's work on a solution for this together. To start, please DM us with the country where you're located and the model of iPhone you're using. https://t.co/GDrqU22YpT | @717017 We'd be happy to look into this with you. Send us a DM, and we'll take a closer look into this together. https://t.co/GDrqU22YpT | @265763 We can help look into this ""I"" issue on your iPhone. If you've updated and are still seeing this, is that just in messages that you send to others, or are you seeing that just in messages that others send to you and in social media apps? | @265763 Right. Are you seeing the letter i issue appearing on other people's posts and messages, or is this issue appearing on your personal posts and messages that you compose? | @265763 As long as you are not personally experiencing the autocorrect inaccuracy when you compose your messages and posts, your issue is resolved. The other people may not have updated or contacted us about the issue on their end.",APP_CRASHING,
EX_0009,41558,41558,@AppleSupport Can you pair 2 AirPods to one iCloud account?,"@125136 Thanks for reaching out. We'd be happy to look into this with you. Send us a DM, and we can go from there. https://t.co/GDrqU22YpT",APPLE_ID_ICLOUD,
EX_0010,2004944,2004944,@AppleSupport where’s my playlist,@592889 We're happy to help. What device are you using? When was the last time you had access to your playlist? Let us know in DM: https://t.co/GDrqU22YpT,APPLE_MUSIC_LIBRARY,
EX_0011,296793,"296793,296791",@AppleSupport your new iOS has messed up my Bluetooth playing songs in my car! @14404 | @AppleSupport Sorted it! Just needed the next iOS! Thanks,@186700 We can help. What kind of issues it having while playing through Bluetooth? | @186700 Awesome. Feel free to reach out if you need help or have a question in the future. Enjoy!,WIFI_BLUETOOTH,
EX_0012,2045934,2045934,@AppleSupport My phone keeps freezing after the iOS 11.1 update. Any tips?,@605060 Let's take a look in DM. Let us know which iPhone you have and if it freezes in a specific app. We'll work together there. https://t.co/GDrqU22YpT,DEVICE_FREEZING_UNRESPONSIVE,
EX_0013,2641384,2641384,@AppleSupport every time i️ type the letter “I” this pops up i️ . how do i️ fix this?,@745406 We'd like to look into this with you. Please DM us your current country and iOS version. https://t.co/GDrqU22YpT,IOS_AUTOCORRECT_BUG,
EX_0014,1738815,"1738815,1738817,1738814","@115858 @AppleSupport my phone automatically updated this past daylight savings and now my apps, specifically instagram does not work. | @115858 @AppleSupport Indicates “no internet connection”, but I’ve successfully connected to my home wifi | @AppleSupport @AppleSupport very quickly provided solutions to resolve my issue. Thank you for the support",@524814 We've responded to your DM. Please join us there. | @524814 Thanks for reaching out. We've received your DM and will continue working with you there.,WIFI_BLUETOOTH,
EX_0015,2684344,2684344,"@AppleSupport votre mise a jour iOS 11.0.3 est une catastrophe, comment peut on laisser des Clients dans un tel désarroi ?? iPhone 6s !",@754989 We offer support via Twitter in English. Contact us for help in your preferred language here: https://t.co/IBIY3vMgPj,OTHER_UNCLEAR,
EX_0016,2703230,"2703230,2703229,2703232,2703234",Either my phone is hacked or ios11 is going crazy. I was in the other room and my phone started playing spotify music by itself. I pick up the phone and the calculator is on While the phone is locked. 🤔 @115858 @AppleSupport | @AppleSupport  https://t.co/R5FzBDIiAN | @AppleSupport I just updated. https://t.co/VqAIylNvxC | @AppleSupport Same as before. Very fast.,"@759280 Let's see what's going on. Which version of iOS 11 are you running on it? Find that in Settings &gt; General &gt; About. | @759280 Thanks! Do you have a backup? If not, let's create one: https://t.co/4f8hwT5to6

We'd like to try updating your phone to iOS 11.1.2 to see if it resolves this issue. Once you have your backup, you'll find that under Settings &gt; General &gt; Software Update. | @759280 How is your phone reacting? | @759280 Let's take a closer look. Here's a link to DM us. https://t.co/GDrqU22YpT",OTHER_UNCLEAR,
EX_0017,2967809,2967809,"@113894 Responds to ping, and web server replying, but cannot authenticate ssh or IMAP.","@818705 We'd like to look into this with you, Neil. Reach out via DM and we'll get started. https://t.co/GDrqU22YpT",OTHER_UNCLEAR,
EX_0018,1543350,1543350,LET ME TYPE THE LETTER “I️” wtffffff @AppleSupport,@269119 Thanks for reaching out. Please come on over to DM and we'll be happy to discuss this issue with you. https://t.co/GDrqU22YpT,IOS_AUTOCORRECT_BUG,
EX_0019,2849148,2849148,"@AppleSupport  Suggestion: Allow access of EQ while in the Music app. To access the EQ we have to exit the Music app, go to Settings, press Music, then EQ. Doesn’t it make sense for the Music app to have the EQ?",@792303 Thanks for reaching out with your suggestion!  Our customers help us improve by letting us know what features they like or want. Send us feedback here: https://t.co/eTPVYVFyd8,APPLE_MUSIC_LIBRARY,
EX_0020,1386648,1386648,"I have to restart my phone at least 4 times a day, that’s not cool dudes @AppleSupport",@442653 Let's look into this for you. Send us a DM with more details about what you are experiencing. https://t.co/GDrqU22YpT,DEVICE_FREEZING_UNRESPONSIVE,
EX_0021,1552541,1552541,@AppleSupport Move to ioS app is horrible. First time iphone user. No way to sync after setup. Not a good start for iphone X,@143483 Let us know what you're having a problem with and we'll be happy to help. DM us here: https://t.co/GDrqU22YpT,DEVICE_ACTIVATION,
EX_0022,2967809,2967809,"@113894 Responds to ping, and web server replying, but cannot authenticate ssh or IMAP.","@818705 We'd like to look into this with you, Neil. Reach out via DM and we'll get started. https://t.co/GDrqU22YpT",OTHER_UNCLEAR,
EX_0023,1817737,1817737,my charger will charge my phone enough to turn it on but not to actively charge it?? like what? why? why do u hate me @115858 @AppleSupport,@546008 We're happy to help! When did this start? Have you tired another charger? Does the iPhone charge if left off? Join us in DM. https://t.co/GDrqU22YpT,BATTERY_DRAIN_HEALTH,
EX_0024,2497931,2497931,I just lost my headphone adapter. What am I supposed to do now? Not listen to music? @AppleSupport  🤧,@712785 Thanks for reaching out. We're here to help. DM us so we can look into this further with you. https://t.co/GDrqU22YpT,OTHER_UNCLEAR,
EX_0025,876333,876333,"@AppleSupport Hi, how can I report an iTunes defect?",@328056 We'd be happy to look into what's going on. Let's meet in DM to continue. https://t.co/GDrqU22YpT,OTHER_UNCLEAR,
EX_0026,1580465,1580465,@AppleSupport ummmm what’s with this keyboard glitch???,@486625 We'd like to know more to assist. Let us know what's happening and the device it's occurring on we'll take it from there.,IOS_AUTOCORRECT_BUG,
EX_0027,1013201,1013201,"Apps store un iTunes Store inutilisable, merci @AppleSupport 🖕🏾🙏🏾",@359754 We offer support via Twitter in English. Contact us for help in your preferred language here: https://t.co/IBIY3vMgPj,OTHER_UNCLEAR,
EX_0028,2942188,2942188,Sooo my iphone 7 screen is unresponsive @115858 why? It has no cracks or damages,@812877 We'd be happy to look into this with you more in detail.  Let us know in DM the version of iOS you're using ans when you notice the device becomes the most unresponsive. https://t.co/GDrqU22YpT,DEVICE_FREEZING_UNRESPONSIVE,
EX_0029,1939981,1939981,@AppleSupport why is your calculator broken? 1+2+3 = 24 .... ?!?!,@577031 Let's look into this for you. Send us a DM with a screen recording of this issue to get started: https://t.co/4LuYBB7Kns https://t.co/GDrqU22YpT,APP_CRASHING,
EX_0030,500030,"500030,500029",@AppleSupport I can't access imessage on mac and my ipad it always says it’s an error occurred during activation. please help @AppleSupport | @AppleSupport i’ve already tried this but it’s still not working :(,"@234434 Having access to your messages is critical so let's look into this. For your iPad, to start, check out these steps: https://t.co/jhvYu3nzpA Let us know what happens after trying those. | @234434 OK. Thanks for giving those steps a try. Use the link below to DM us, and we'll look into this a bit further. https://t.co/GDrqU22YpT",DEVICE_ACTIVATION,
EX_0031,2732957,"2732957,2732956,2732959,2732960","@AppleSupport any explanation as to why an iphone 7 plus was in perfect working condition and magically the new iphones release and my phone gets glitchier and glitchier each day until today when i can’t even send a text without my phone actually crashing? | @AppleSupport 11.1.2 and it happened after 11.1 | @AppleSupport i have multiple times | @AppleSupport and no it happens in almost any app that is on my phone. freezing, crashing, etc.","@766054 The 7 plus is a great iPhone.  It’s important to be able to reliably send messages, so we would like to offer some assistance.  Did this start after a specific update?  Which iOS version are you running now? | @766054 Thanks. Is Messages the only app giving you trouble?  Have you restarted since this began? https://t.co/OWRDHWSt4h | @766054 Thanks.  Please send us a DM with the current country you are located, and we can continue to look at your options. https://t.co/GDrqU22YpT",DEVICE_FREEZING_UNRESPONSIVE,
EX_0032,1166651,1166651,Solicité recuperar mi contraseña de iTunes.. han pasado mas de 48 hrs sin respuesta 😡 @AppleSupport @3183,@394424 We offer support via Twitter in English. Get help in Spanish here: https://t.co/IBIY3vMgPj or join https://t.co/OczyRx7IOs,APPLE_ID_ICLOUD,
EX_0033,1550291,1550291,@AppleSupport cannot type “I️” I️,@479830 Give the following article a try and DM us if it doesn't help. https://t.co/xXaXeeSRt9 https://t.co/GDrqU22YpT,IOS_AUTOCORRECT_BUG,
EX_0034,2967809,2967809,"@113894 Responds to ping, and web server replying, but cannot authenticate ssh or IMAP.","@818705 We'd like to look into this with you, Neil. Reach out via DM and we'll get started. https://t.co/GDrqU22YpT",OTHER_UNCLEAR,
EX_0035,1785128,1785128,Well done @AppleSupport not only do you release an ios that drains my battery but also one which drains my data! #BacktoBasics,@536341 We are here to help whenever possible. DM which iPhone and specific iOS version you are using to get started. https://t.co/GDrqU22YpT,BATTERY_DRAIN_HEALTH,
EX_0036,501503,501503,"@AppleSupport My iPhone randomly opens this black screen ,with a circle and then goes back to the lockscreen,what should i do?",@234818 Thanks for reaching out about this behavior. Let’s work together to get this addressed. Approximately how long has this been happening? Which version of iOS are you using? Let us know via a DM. We’ll go from there. https://t.co/GDrqU22YpT,DEVICE_FREEZING_UNRESPONSIVE,
EX_0037,1768150,1768150,Cracked my IPhone 8 screen S/O @115858,@531627 We can assist you. This link provides repair or replacement options: https://t.co/5kGj5UtyYZ Let us know if you need more help.,HARDWARE_PHYSICAL_DAMAGE,
EX_0038,1910119,1910119,"new iphone update has essentially fried my phone. well played, @115858",@569031 We'd like to hear more about what's happening with your iPhone. Please send us a DM with the details. https://t.co/GDrqU22YpT,OTHER_UNCLEAR,
EX_0039,2710945,"2710945,2710944,2710947","Dear @AppleSupport:
What’s with this whenever I type “I”?
This: I️ : makes no sense! https://t.co/Z9dQCYMSAH | @AppleSupport Thanks. It’s 11.1. | @AppleSupport Thanks!",@761170 We’d like to offer some guidance with that.  Which iOS version are you running?  You can check under Settings &gt; General &gt; About. | @761170 You’re welcome. We've released iOS 11.1.2 recently. Let's back up and update and check if you continue to see the same behavior. We can dig further into this then if it does. Here's a guide if you need it for that process: https://t.co/80YRnjDFDk | @761170 You're welcome.,IOS_AUTOCORRECT_BUG,
EX_0040,1582999,1582999,@AppleSupport That said when I type it,@487209 We're here for you. Check out this article for help: https://t.co/xU1AGHStV6,IOS_AUTOCORRECT_BUG,
EX_0041,1058149,1058149,@AppleSupport my iphone 8 plus bluetooth is having issues and will not connect to anything.,@369832 We'd like to take a closer look. Send us a DM to continue. https://t.co/GDrqU22YpT,WIFI_BLUETOOTH,
EX_0042,2627781,2627781,@AppleSupport Can I pay annually for icloud storage?,@742184 We'd like to answer your questions about iCloud billing. Do you already have an upgraded iCloud storage plan? Let us know in DM. https://t.co/GDrqU22YpT,APPLE_ID_ICLOUD,
EX_0043,598094,598094,@AppleSupport Can you Please get it together!!!  My phone keeps crashing and scrolling since yesterday!!!  Sick of updates screwing up my phone!,@261786 We want to help! DM us and let us know more about the issues you are having. We can look more into this issue from there. https://t.co/GDrqU22YpT,DEVICE_FREEZING_UNRESPONSIVE,
EX_0044,1543352,1543352,@AppleSupport hi my iphone x just went frozen when i tried to restart it its like a brick how can you help me?,@478121 We want your iPhone X to work as expected. Let's first give the steps here a try: https://t.co/1gNtc8oo9M Keep us updated!,DEVICE_FREEZING_UNRESPONSIVE,
EX_0045,1212786,1212786,Me carga que se conecte el wifi solo con la nueva actualización de #ios1103 #iOS11 @115858 @AppleSupport hace que la batería dure menos aún 😱,@404644 We offer support via Twitter in English. Get help in Spanish here: https://t.co/IBIY3vMgPj or join https://t.co/OczyRx7IOs,WIFI_BLUETOOTH,
EX_0046,1785747,1785747,.@115858 @AppleSupport I updated my #iPhone6splus to #ios11update last night and my phone is now crashing and restarting by the minute.,@287055 That's not the experience we want you to have! Join us in DM with more detail about the apps crashing and device restarting. https://t.co/GDrqU22YpT,DEVICE_FREEZING_UNRESPONSIVE,
EX_0047,2798400,"2798400,2798399",YO @115858 I just updated and my phone has even MORE problems. FIX YOUR SHIT | @AppleSupport Ever since I updated all my apps are crashing,"@780777 We're here to help! Give us some more details, and we'll get started. | @780777 We want you to be able to use all of your apps throughout the day without having issues. Let's see what we can do to get down to the bottom of this with you. Let us know in DM what the exact iOS version you're running. Find this in Settings &gt; General &gt; About. https://t.co/GDrqU22YpT",APP_CRASHING,
EX_0048,1458832,1458832,@115858 Fix this button first I️,@593395 We’ve got your back. Check out this article and DM us any questions you may have: https://t.co/xU1AGHStV6 https://t.co/GDrqU22YpT,IOS_AUTOCORRECT_BUG,
EX_0049,1442410,1442410,@AppleSupport FIX MY “I️” ON MY KEYBOARD SLIM,"@454681 Hey, we can provide you with some assistance. DM us the iOS version and we'll go from there. https://t.co/GDrqU22YpT",IOS_AUTOCORRECT_BUG,
EX_0050,539898,539898,Ini iphone 6s knapa restart terus?? Ganggu kerja!! @115858 @AppleSupport,@245213 We offer support via Twitter in English. Contact us for help in your preferred language here: https://t.co/IBIY3vMgPj,DEVICE_FREEZING_UNRESPONSIVE,
EX_0051,1284615,1284615,@AppleSupport IOS 11.0.3 (15A432),@420007 Does restarting your iPhone help? Let's go over to DM to continue. https://t.co/GDrqU22YpT,OTHER_UNCLEAR,
EX_0052,1564060,1564060,Still haven't been able to activate my iPhone X ... I'm going to lose my shit @AppleSupport,@482973 Congrats on your new iPhone X! We'd love to help you out. Check out the following article to start: https://t.co/ywHIZGvtbC,DEVICE_ACTIVATION,
EX_0053,512520,512520,"@AppleSupport how can I disconnect an Apple Watch from a broken phone, without unlocking my watch because the Digital Crown is broken?","@237871 We're here for you, and dedicated to doing our best to assist. We can help with the Digital Crown as well! Meet us in DM where we can learn more about your Apple Watch, and explore options with you. https://t.co/GDrqU22YpT",HARDWARE_PHYSICAL_DAMAGE,
EX_0054,94783,94783,@AppleSupport any idea what this means when I restart my 2016 MacBook Pro? https://t.co/koXIkQ3Lio,@136592 We'd be happy to look into this with you more in detail.  Let us know in DM what version of macOS you're using and if this issues happens each time you restart. https://t.co/GDrqU22YpT,OTHER_UNCLEAR,
EX_0055,2040992,2040992,@115858 fix your damn autocorrect already,"@603480 We'd like to help. To start, DM us details about what's happening and the device model you're using. https://t.co/GDrqU22YpT",IOS_AUTOCORRECT_BUG,
EX_0056,652196,"652196,652194",I think my iPhone has a virus @AppleSupport | @AppleSupport It’s jumping from screen to screen. App to app,"@275087 What's going on with your iPhone? We would love to help you today. Please, provide us more details on the issue. | @275087 has your iPhone suffered any damage or fallen recently? Let us know via DM. https://t.co/GDrqU22YpT",DEVICE_FREEZING_UNRESPONSIVE,
EX_0057,2452195,2452195,My battery is going down while I’m charging my phone @115858 !!!,"@702629 We'd be happy to help. Have you tried restarting the device to see if it helps resolve this? If not, try that first.",BATTERY_DRAIN_HEALTH,
EX_0058,994486,994486,@115858 not loving the IOS 11. Kills the battery. Please fix.,@355558 We're glad to help with your battery life. Send us a DM with which iOS version you're running. https://t.co/GDrqU22YpT,BATTERY_DRAIN_HEALTH,
EX_0059,2041375,2041375,Low power mode don’t work. @AppleSupport,@603586 Thanks for reaching out; we'd like to help. Let's start by reviewing this article here: https://t.co/VtbR4hS4qv DM us the results. https://t.co/GDrqU22YpT,BATTERY_DRAIN_HEALTH,
EX_0060,1813546,1813546,"@AppleSupport  IOS 11 ruins battery life 🙄,please fix it","@544820 If you're having trouble with your battery life, we'd love the chance to help you out. Let's meet up in DM so we can assist. https://t.co/GDrqU22YpT",BATTERY_DRAIN_HEALTH,
EX_0061,1360120,1360120,@applesupport 11.0.2 battery / My 6SE battery is draining drainingggg please / Ihelppppppppppppppppppppppppp,@437098 We're here for you! We know battery life is important. Meet us in DM so we can take a look: https://t.co/GDrqU22YpT,BATTERY_DRAIN_HEALTH,
EX_0062,2060521,2060521,@115858 fix this iOS!! For god sake! It is crashing every time I open a new app! 😤😤😡 AAAAAAAAA,@433887 That's definitely not what we'd expect and we'd like to help. What type of device are you using? Tell us via DM. https://t.co/GDrqU22YpT,APP_CRASHING,
EX_0063,260839,"260839,260838",@118101 @115858 why won’t my Apple Watch 3 activate for cellular use? | @AppleSupport When I bought it today 😂,@178101 When did you first encounter the issue? | @178101 Thanks for letting us know. DM us and we'll continue from there. https://t.co/GDrqU22YpT,DEVICE_ACTIVATION,
EX_0064,810895,810895,@AppleSupport hi my iphone 6s Plus has been acting weird. Screen has been freezing and apps crashing A LOT ever since I upgraded to ios11.,@313215 Thanks for reaching out. Have you updated to iOS 11.0.2? DM us the answer and we'll continue from there. https://t.co/GDrqU22YpT,DEVICE_FREEZING_UNRESPONSIVE,
EX_0065,2347682,"2347682,2347681","@AppleSupport #AppleWatchSeries3 glitch? #AppleWatch #WatchOS4.1 https://t.co/QjZOsL1DJc | @AppleSupport Gone after reboot! Should have tried that first, QA testing for Apple. 👨🏽‍💻","@678714 That certainly isn't normal. Let's get that resolved. First, does it persist even after restarting your Apple Watch? | @678714 We're glad that resolved the issue. Feel free to reach out to us again in the future!",OTHER_UNCLEAR,
EX_0066,1591511,"1591511,1591510","@AppleSupport Hi I already purchased additional 50gb for icloud storage but still can’t back up my data to icloud, kindly assist me | @AppleSupport hi it still didn’t help. it said cannot be back up due to storage full but i just upgraded. you can refer the picture https://t.co/EdpqWdpnva",@489252 Hi there. Check out this article for issue backing up via iCloud: https://t.co/Lr8zUtw9ls Let us know if this helps. | @489252 Let's move over to DM so we may continue looking into this. https://t.co/GDrqU22YpT,APPLE_ID_ICLOUD,
EX_0067,2285143,2285143,@AppleSupport Why do you have to plug in your phone for Apple CarPlay? Why doesn’t it work over Bluetooth???,@664037 Some vehicles support wireless Carplay. Follow the steps here to see if yours is one of them: https://t.co/pg90dhXKAJ,WIFI_BLUETOOTH,
EX_0068,2358576,"2358580,2358575,2358586,2360390,2492403,2358599,2373174,2373176,2358613,2358614,2358612,2358617,2405061,2406687,2406686,2406685,2406689,2358620,2439207,2358627,2358624,2492401","@AppleSupport Not working for me. Do you have to be in front of a payment kiosk? I have the iPhone X | @AppleSupport Do you have a release date for South Africa? | @AppleSupport When is Apple Pay cash coming? | @AppleSupport Turns out that all my credit cards needed to be readded. Now it works. Weird because they were already on my Apple watch 3rd gen. New iPhone X didn't transfer the wallet cards. Works now. | @AppleSupport No I haven’t got any issue. It’s just me wanting to know when Apple Pay will launch in Germany. Because until now it’s not available yet. | @AppleSupport Perhaps a little off topic but is the button press really as soft as the video suggests, the side button on my 6s takes a lot more force than it appears in the video. | @AppleSupport Thanks but I guess I was just asking if the side button on the X is a touch sensor, the video sort of suggests it is. | @AppleSupport Thanks | @AppleSupport Please my Apple ID was disabled and I have followed all methods to get it enabled and still can’t get it done... I have $112 in my iTunes Apple account and now I can’t get to purchase anything with it.... please I need this issue fixed like ASAP thank you | @AppleSupport Apple don’t resolve battery drain problem and heat problems | @AppleSupport My iPhone X sucks with super crackly speakers | @AppleSupport Explain? Orange flash on the iPhone X? More faults with your handsets? https://t.co/fFsCOlUc23 | @AppleSupport I await your response in email | @AppleSupport Only happed with the slow motion. Yes there is a protective cover which does not cover the cameras or flash in any way | @AppleSupport Case is the Spigen Tough Armor | @AppleSupport  https://t.co/XIoeH2lHpo | @AppleSupport There is no case on the rear camera or protective covered. As I said. I have a case on the phone which doesn’t cover the camera module in anyway | @AppleSupport I’ve just upgraded my Mac to the current OS. Now photo constantly hangs. It’s drive nag me nuts. | @AppleSupport It did not help on but this is the second replacement iPhone I have had! It’s ridiculous and I know other people have the same issue!!!!! | @AppleSupport The double-click side button isn't working -- it's greyed out.  I have two cards added.  Any ideas? | @AppleSupport When will Apple Pay finally come to Germany? | @AppleSupport I‘d like to continue in my DMs.","Double-click the side button on iPhone X to make easy and secure purchases with Apple Pay. https://t.co/KdLSPcWBDv | @681214 We can help you with this. Keep an eye out for upcoming release information on this page: https://t.co/pLvnMv72bf | @474349 You should still be able to pull up Apple Pay even if not near a reader, but to clarify, have you added any cards to your wallet yet? If not, you'll want to start there. https://t.co/Saz92f9xOE

Also, which exact iOS version do you have installed? | @180634 Thanks for the question! We do not have that information available, but keep an eye on our Newsroom for further developments: https://t.co/cM4ITGrQ83 | @474349 Great. We're happy to hear it. If you need anything else moving forward, don't hesitate to let us know. | @392213 We're glad to help in any way we can. For questions regarding specific product features and comparisons between iPhone models, you'll want to reach out to our Apple Online Store team for further assistance here: https://t.co/RmFSlCBcIE | @392213 Got you! The side button on iPhone X is elongated compared to previous models of iPhone, and still a physical mechanical button. Here's a link with information all about the advanced technologies in iPhone X: https://t.co/ngwnmNILIr | @392213 You're totally welcome! We understand wanting to know all the details. If you have any other questions, or there's anything else we can help with, we're happy to help anytime! | @691771 We've received your Direct Message to us as well. We will respond to you there shortly, to assist you with this issue. Thank you. | @691762 We're more than happy to look in to any issues you're experiencing. Please let us know in DM what's happening and we'll go from there. https://t.co/GDrqU22YpT | @699616 Hey, we want to make sure we check this out and see what's going on with your new iPhone. Let's try all the suggestions here and let us know if that helps: https://t.co/4Kux8rhhGX | @692144 We’d like to look into this. Does this only happen with the Slo-mo camera setting? We can't see a case, but is there any protective covers on the iPhone X? | @692144 Good to know. Can you remove the case from the rear camera and test the issue to confirm? Let us know the results in DM. https://t.co/GDrqU22YpT | @692144 Let's continue in DM so we may better assist you. https://t.co/GDrqU22YpT | @697424 We'd love to take a look!  To ensure you're in the best hands possible, we'd suggest reaching out to our team that specializes in Photos at: https://t.co/bQJbqFQpgP | @699616 Let's go ahead and meet in DM and we can work towards a resolution. https://t.co/GDrqU22YpT | @777193 Let's take a look and we'll get this figured out! Which device is this on and which version of the iOS is installed? Also, which country are you currently in? | @711548 Thanks for reaching out to us. We would love to help you. When you have a free moment, please check out the following link for support: https://t.co/jCshixaXJo | @711548 Thanks for reaching back out to us. Are you experiencing an issue with Apple Pay? If so, please tell us a little about what is going on? https://t.co/GDrqU22YpT",OTHER_UNCLEAR,
EX_0069,1943050,1943050,@AppleSupport Frick- it’s my lock screen btw,@222382 We want to make sure you're receiving your notifications. Let's take a closer look via DM. What's your current iOS version? https://t.co/GDrqU22YpT,OTHER_UNCLEAR,
EX_0070,765633,765633,@AppleSupport How do I create a sharable URL for a Icloud Drive folder?,@302980 Hello! Check out this article about the iCloud Drive: https://t.co/fyQ2HwpycI,APPLE_ID_ICLOUD,
EX_0071,1149708,"1149708,1149707,1149706","Really regretting updating to the new iOS. My phone has more glitches and is slower than ever. I’m done with you @115858 | @AppleSupport 1. I have my orientation lock on and it still flips my phone screen to the side. 2. Sometimes, I can’t unlock my phone, especially when I’m | @AppleSupport ..on a phone call. 3. My phone takes longer to respond to my touch when I try to click on apps.",@390548 We want to see how we can help you with your iPhone. Can you tell us what you mean by glitches? | @390548 Thanks for that information. Let's meet in DM using the link below so that we can look into this with you further. https://t.co/GDrqU22YpT,DEVICE_FREEZING_UNRESPONSIVE,
EX_0072,2967809,2967809,"@113894 Responds to ping, and web server replying, but cannot authenticate ssh or IMAP.","@818705 We'd like to look into this with you, Neil. Reach out via DM and we'll get started. https://t.co/GDrqU22YpT",OTHER_UNCLEAR,
EX_0073,2948210,2948210,What the heck again @AppleSupport ? I still have 28GB of iCloud https://t.co/qqJlj8yqnO,@351653 Thanks for reaching out. DM the country or region where you are currently located so we can help. https://t.co/GDrqU22YpT,APPLE_ID_ICLOUD,
EX_0074,1181761,1181761,@AppleSupport why can’t I restart my phone?,@397911 Let's find out. Are you following these steps: https://t.co/OWRDHWSt4h,DEVICE_FREEZING_UNRESPONSIVE,
EX_0075,1260992,1260992,shettt my phone is stuck sa apple logo after reseting huhu help!!!!!! @115858,@415408 We're happy to help. Let's try the steps listed here: https://t.co/8MvHMFZ83h. DM the results. https://t.co/GDrqU22YpT,DEVICE_FREEZING_UNRESPONSIVE,
EX_0076,2039789,2039789,"@AppleSupport All my iPhone does is crash, it’s a new handset &amp; so is my friends who does the same!! New IOS is shocking!!",@603115 We'd love to look into this with you. Send us a DM with your iPhone model and Version showing in Settings &gt; General &gt; About? https://t.co/GDrqU22YpT,DEVICE_FREEZING_UNRESPONSIVE,
EX_0077,1679155,1679155,@AppleSupport does the home screen rotate on a iPhone X,"@510669 Yes, the iPhone X screen rotates.  If you are having issues, refer to this: https://t.co/42YQu2SoDY",OTHER_UNCLEAR,
EX_0078,215312,215312,"Me: “New phone, full day of battery life again!”
@115858: “Introducing a new iOS”
Me: *downloads new iOS* “U have a charger I could borrow?”","@167155 Which iPhone model are you having this issue on? Let us know in a DM, we're happy to help. https://t.co/GDrqU22YpT",BATTERY_DRAIN_HEALTH,
EX_0079,121567,121567,Beyoncé’s posts make my phone freeze. Fix it @115858,"@143067 We'd like to help, but we'll need more details to better understand what's happening. Please provide us more details in DM here: https://t.co/GDrqU22YpT",DEVICE_FREEZING_UNRESPONSIVE,
EX_0080,1534978,"1534978,1534977",Been trying to activate my new phone for 4 hours. @applesupport I ordered this phone because old one broke. Sure could use a working phone! | @AppleSupport Succeeded at 4.75 hour mark.,"@476000 We appreciate your patience and apologize for any delays you're seeing. Try again in a few minutes, and let us know the results. | @476000 We're glad you were able to get your device activated. Reach out to us if you run into anymore issues.",DEVICE_ACTIVATION,
EX_0081,1676971,1676971,"@AppleSupport yea, I️ can’t type the letter I️. What’s up with that?",@510088 Here’s what you can do to work around the issue until it’s fixed in a future software update: https://t.co/xXaXeeSRt9,IOS_AUTOCORRECT_BUG,
EX_0082,2408534,"2408534,2408533,2408536",Anyone wanna help a girl out? my iPhone is sending iMessages from my email and not phone number @AppleSupport | @AppleSupport But why did my phone switch it to my Apple ID randomly? I had it set up to my number and now it's only my Apple ID and I can't get it back to my number and I've tried all of the troubleshooting and nothing is working. | @AppleSupport My number is greyed out but it had been greyed out before and I didn't have this problem,"@603221 We are here for you!  Please take a look at this article, which explains how to add a number to your iMessages: https://t.co/R5zxAawOzV | @603221 Were you able to complete all of the steps in the article?  Is your number visible and unchecked or grayed out? | @603221 Thanks for confirming.  Please DM us and we can look into this further together. https://t.co/GDrqU22YpT",APPLE_ID_ICLOUD,
EX_0083,322066,322066,Alarm çalınca Wi-fi açılıyor muazzam özellik #ios1102 @AppleSupport,@192732 We offer support via Twitter in English. Contact us for help in your preferred language here: https://t.co/IBIY3vMgPj,WIFI_BLUETOOTH,
EX_0084,2132078,"2132078,2132077,2132080,2132082,2132084","I turned on the cellular data and this happened. @AppleSupport any explanation? It's an iPhone 7. I freaked out a little. https://t.co/2e2j4IoQ1K | @AppleSupport doesn't happen with wi-fi. it's the first time that happens. I did not have ""on"" the wifi nor the cellular data, when i turned on the data, it froze for at least 30 mins. (the reset function did not work) | @AppleSupport Yes! 30 minutes later I tried again and it worked. But it should've worked at the first try. | @AppleSupport No, this is the first time ever, and hopefully the last. Should I get my phone to a Mac Store? | @AppleSupport Thank you!","@627432 We can help out. This doesn't happen on a Wi-Fi network? How are you enabling and disabling Wi-Fi? | @627432 We'd like to find out why this happens. To start when you attempt a restart, were you use the steps shown? https://t.co/o7nB3pXfMv | @627432 So does your touch screen stop working every time you turn on cellular data, or only occasionally? | @627432 If it was just a random one time issue that a restart fixed, that wouldn't be necessary.",DEVICE_FREEZING_UNRESPONSIVE,
EX_0085,1527721,1527721,@115858 FIX YOUR TRASH I WANT TO TYPE I️ NOT WHATEVER GARBAGE I️ IS,@474350 We'd like to look further at this. Please DM us. https://t.co/GDrqU22YpT,IOS_AUTOCORRECT_BUG,
EX_0086,2967809,2967809,"@113894 Responds to ping, and web server replying, but cannot authenticate ssh or IMAP.","@818705 We'd like to look into this with you, Neil. Reach out via DM and we'll get started. https://t.co/GDrqU22YpT",OTHER_UNCLEAR,
EX_0087,1501802,"1501802,1501801,1501804",I'm so mad 😡 my phone deleted all of my notes by itself and now when I'm trying to recover them it's saying that its $50! @115858 sucks 😭 | @AppleSupport The notes simply deleted by themselves. I was going to check my notes and they were all gone except for the iCloud ones. | @AppleSupport I use the notes app for all of my notes. I don't have backup.,"@468588 Please let us know what occurred before the deletion. We'd like to help. | @468588 Do you use the Notes app for all of you notes? Or do you have some in another app? Do you keep a backup of your iPhone? | @468588 Thanks for clarifying. Let's partner together in DM where we can investigate further, and explore options. https://t.co/GDrqU22YpT",APPLE_ID_ICLOUD,
EX_0088,1996135,1996135,@115858 WHY is it that I can NO longer turn WiFi &amp; Bluetooth ON/OFF by using the dock on my iPhone 7? PLEASE FIX!!!,@590243 We'd like to learn more about the behavior you're seeing. Please reach out to us in DM so we can get more info. https://t.co/GDrqU22YpT,WIFI_BLUETOOTH,
EX_0089,1628556,1628556,@AppleSupport I need help with itunes,"@491505 Hi. We received your DM, please check there for our response.",OTHER_UNCLEAR,
EX_0090,2297812,2297812,"my messages app keeps crashing, wtf @115858","@667030 Thank you for reaching out to us. We're here to help. To start, what device model and software version are you using?",APP_CRASHING,
EX_0091,1951529,1951529,@AppleSupport MacBook Pro only boots in safe mode to lit but empty screen. Can see only via HDMI ext screen. Can I fix that and how? Thnx.,@579568 Thanks for reaching out! We'd be happy to see what options are available. DM us what country you’re located in to proceed. https://t.co/GDrqU22YpT,HARDWARE_PHYSICAL_DAMAGE,
EX_0092,1707624,1707624,Well 11.1 has not solved the rapid battery drain #ios111 @115858 @AppleSupport,@517476 We want to help. Reach out to us in DM and let us know which iPhone you have. https://t.co/GDrqU22YpT,BATTERY_DRAIN_HEALTH,
EX_0093,557921,557921,My iPhone keeps crashing! What the heck @AppleSupport,@250319 We'd like to look into this with you. Is your iPhone updated to iOS 11.2? Let's back up and update if you haven't: https://t.co/osZOKKTalm,DEVICE_FREEZING_UNRESPONSIVE,
EX_0094,1541965,1541965,could not activate iphone.... wowowowowowowwwwww @AppleSupport,@477766 Let's work on this together. Reach out to us in a DM to get started. https://t.co/GDrqU22YpT,DEVICE_ACTIVATION,
EX_0095,807884,807884,"Güncellemeden sonra Iphonum transformers gibi davranıyor, bana sormadan arabanın Bluetoothuna bağlanıyr evdeki WiFi ye bağlanıyor 😱😱 @115858",@312511 We offer support via Twitter in English. Contact us for help in your preferred language here: https://t.co/IBIY3vMgPj,WIFI_BLUETOOTH,
EX_0096,2967809,2967809,"@113894 Responds to ping, and web server replying, but cannot authenticate ssh or IMAP.","@818705 We'd like to look into this with you, Neil. Reach out via DM and we'll get started. https://t.co/GDrqU22YpT",OTHER_UNCLEAR,
EX_0097,2003573,2003573,@AppleSupport I’ve been trying to activate my iPhone X for 3 hours now! What is going on?? https://t.co/EeYriQNbVz,@592481 Thanks for reaching out. Try following these steps and DM us if you still have issues: https://t.co/ywHIZGN4Ac https://t.co/GDrqU22YpT,DEVICE_ACTIVATION,
EX_0098,301571,"301571,301569",@AppleSupport updated my phone. Now it constantly freezes and apps constantly crash. PLEASE FIX | @AppleSupport 7 plus. 11.0.2,"@187943 We’d be happy to look into this for you. Send us a DM with the iPhone you are using and the iOS version it is running. https://t.co/GDrqU22YpT | @187943 Let's get to DM, so we can work out what's happening. Use the link below. https://t.co/GDrqU22YpT",DEVICE_FREEZING_UNRESPONSIVE,
EX_0099,1287653,1287653,huge s/o to @115858 for 0 support on my completely frozen phone that's been frozen for almost 2 hrs @applesupport,@222106 We'd love the chance to help with your iPhone. Let's start by taking a look at the steps here: https://t.co/8MvHMFZ83h,DEVICE_FREEZING_UNRESPONSIVE,
EX_0100,1535746,1535746,@115858 Hey. Any idea when your activation servers are going to be back up? Pretty bummed.,@476190 We are here to help. DM us the details of your issue and we can take a look at this. https://t.co/GDrqU22YpT,DEVICE_ACTIVATION,
EX_0101,596933,596933,Sick of my phone crashing 😡 @115858  your shite,@261511 We're here to help with any issues you're having with your iPhone. Select the following link to join us in a DM and let us know more about what's happening. https://t.co/GDrqU22YpT,DEVICE_FREEZING_UNRESPONSIVE,
EX_0102,1762765,1762765,It’s infuriating how difficult it is to find out the actual screen sizes of the #apple #iPhone 9+ and X. As in mm width and height. @applesupport ?,@530354 The sizing and other information about our available models can be found at https://t.co/oLi0y1y0xT,OTHER_UNCLEAR,
EX_0103,54483,"54483,54482",@AppleSupport u too https://t.co/AubRbVtD4f | @AppleSupport all of them except amazon 👌🏼 https://t.co/uuxH1UqwQS,"@128340 We are here for you, What apps are you having issues with?",APP_CRASHING,
EX_0104,2363114,2363114,@115858 @AppleSupport My iphone 5 has been stuck on this screen for ages now can you tell me what I should do ???? https://t.co/YJTJJ1nJ83,@424295 Thank you for reaching out. We want to help. Reach out to us in DM and we will look into this with you. https://t.co/GDrqU22YpT,DEVICE_FREEZING_UNRESPONSIVE,
EX_0105,2967809,2967809,"@113894 Responds to ping, and web server replying, but cannot authenticate ssh or IMAP.","@818705 We'd like to look into this with you, Neil. Reach out via DM and we'll get started. https://t.co/GDrqU22YpT",OTHER_UNCLEAR,
EX_0106,2003239,2003239,@AppleSupport What's up with Apple Activation Server?!? New X &amp; unable to activate for last 3 hours...constant error message!!  Frustrating!,@368115 Congratulations on the iPhone X! Send us a DM by clicking on the link below. We'll look into this from there. https://t.co/GDrqU22YpT,DEVICE_ACTIVATION,
EX_0107,2116232,2116232,@AppleSupport my itunes gift card money mysteriously disappeared  from my itunes account?,"@160299 We know how important this is. For more help, please reach out to our iTunes team here:  https://t.co/SDIe7UiyJN",APPLE_ID_ICLOUD,
EX_0108,184460,"184455,184453,184454,184457,184459,184460,2037634,184475,2780676,2037635","@159418 @AppleSupport My Iphone X when you watched videos it's getting overheated and the battery doesn't last. OLED display  it doesn't impressed me at all. https://t.co/G9UphRs6Ot | @AppleSupport The Iphone has been installed as new. https://t.co/dvOSh5hN8o | @AppleSupport The IOS version is 11.1 | @AppleSupport In comparison to the iPhone 7 plus it gets hotter, but I do not receive temperature warnings. Yet, I am using this iPhone without a case. | @AppleSupport Perfect.  It makes sense.   Don't take me wrong I love apple devices.   Keep the good work.   I hope next year the Iphone X can be bigger. | @AppleSupport my iPhone X already has an issue.There is a green bar along the right hand side of the phone.Restart doesn’t fix. Known issue? https://t.co/Hp3HKhVMfs | @AppleSupport DM’d - thanks. | @159418 @AppleSupport Mine is on the left side :p https://t.co/tiJ30c5QwP | @AppleSupport Hey, thanks for reaching out, but I went to the Apple store and got a full replacement on the spot! | @159418 @AppleSupport Did you solve this issue? It's happening the same to me. Thanks!","@159417 We'd love to discuss this with you!  Which iOS version is running on your new iPhone X?  Was your iPhone set up as new or was a backup from an older iPhone loaded onto it? | @159417 Thank you.  Is the iPhone warmer than normal or too hot to touch?  Do you ever see temperature warnings on the screen? | @159417 Thank you! Please take a look at this article, which offers some great tips to keep your iPhone working within acceptable operating temperatures: https://t.co/otCvUAaFQq | @159418 Thanks for reaching out to us for support. We would love to help you. Please DM us so that we can look into this together. https://t.co/GDrqU22YpT | @126183 We’d like to take a closer look into this with you. Which iOS version is installed on your device? Meet us in DM with the answer. https://t.co/GDrqU22YpT | @602487 We'd be happy to help. Send us a DM and we can start there. https://t.co/GDrqU22YpT",HARDWARE_PHYSICAL_DAMAGE,
EX_0109,2967809,2967809,"@113894 Responds to ping, and web server replying, but cannot authenticate ssh or IMAP.","@818705 We'd like to look into this with you, Neil. Reach out via DM and we'll get started. https://t.co/GDrqU22YpT",OTHER_UNCLEAR,
EX_0110,2585634,2585634,Is it safe to do the @115858 update now?,"@732668 Thanks for reaching out to us for support. iOS 11.1.2 was recently released and it includes a fix for autocorrect issues. Be sure to back up your device prior to updating, and let us know if the issue persists afterwards. How to back up: https://t.co/4f8hwT5to6",IOS_UPDATE_INSTALLATION,
EX_0111,1864674,1864674,@115858 needs to setup a subscription plan because I buy a new pair of headphones every month🙃,@525234 We'd like to help with your headphones. DM us which country you're in and details on the issues you're having. We'll help there. https://t.co/GDrqU22YpT,HARDWARE_PHYSICAL_DAMAGE,
EX_0112,2597141,2597141,@115858 why does my iPhone automatically turn WiFi or Bluetooth on ? I turn it off for a reason and yet it turns itself on!!! Help a brother out?,@735336 We can look into this issue together. Shoot us a DM and we'll get started. https://t.co/GDrqU22YpT,WIFI_BLUETOOTH,
EX_0113,2967809,2967809,"@113894 Responds to ping, and web server replying, but cannot authenticate ssh or IMAP.","@818705 We'd like to look into this with you, Neil. Reach out via DM and we'll get started. https://t.co/GDrqU22YpT",OTHER_UNCLEAR,
EX_0114,1849753,1849753,@115858 my music isn’t being displayed on my lock screen. #help #apple #fix #lock #screen #Trump2020ElectionSlogans #PrayforGordonHayward #no https://t.co/5wDodNuqPa,@553803 Let's get you rocking out again. Could you join us in DM and we'll get to work getting to the bottom of this. https://t.co/GDrqU22YpT,APPLE_MUSIC_LIBRARY,
EX_0115,375090,"375090,375089","@AppleSupport new iOS draining too much battery , apps freeze ! Please help | @AppleSupport 7plus,11.0.2",@204941 We're here to help. Would you please tell us which iOS device are you using and which version of iOS is currently installed? | @204941 Let’s team up in DM and we’ll do our best to assist you. https://t.co/GDrqU22YpT,BATTERY_DRAIN_HEALTH,
EX_0116,1567561,1567561,"I have ""Optimize iPhone storage"" and iCloud Photo library enables. Still photos devours all of my disk space. What now @AppleSupport ?",@309956 We'd love to help! You can import your photos and videos to a computer and delete them from your iPhone. https://t.co/KSr0Br9YuG,APPLE_ID_ICLOUD,
EX_0117,2478990,2478990,"Buongiorno @AppleSupport.
Calendario in iCloud funziona male da almeno 3 settimane. L’ultimo problema é la non sincronizzazione.",@708468 We offer support via Twitter in English. Contact us for help in your preferred language here: https://t.co/IBIY3vMgPj,APPLE_ID_ICLOUD,
EX_0118,13203,13203,@AppleSupport my OTG adapter doesn't work on i8plus ios 11.1,@118714 Thanks for reaching out! Please DM your information so we can help with a solution. https://t.co/GDrqU22YpT,HARDWARE_PHYSICAL_DAMAGE,
EX_0119,451358,"451353,451358,451356,451354","@AppleSupport That is true although I believe I’ve had it with only one notification. Version - 11.1.2 (15B202) I am now having trouble with the phone crashing apps, not sure if it could be related. | @AppleSupport hello. Any idea why many of my messages on the lock screen keep coming through like this? Many thanks. https://t.co/i8EMG88xW5 | @AppleSupport It appears not! https://t.co/vKlGjJd1M1 | @AppleSupport Oh and again 🙂 https://t.co/NegmIzXM3y","@222030 If you have not already done so, let's back up your device and then update to iOS 11.2. For steps on backing up and updating, click here: https://t.co/80YRnjDFDk Send us a DM by clicking on the link below if you have any questions https://t.co/GDrqU22YpT | @222030 Thanks for reaching out about notifications. Does this happen with only notifications from a specific app? | @222030 Thanks for getting back to us. Looks like it happens when two notifications are on screen. Do you have the latest iOS installed? If you're not sure, tap Settings &gt; General &gt; About and let us know what's next to Version.",APP_CRASHING,
EX_0120,703204,703204,To desde as 8hrs tentando colocar o email no iCloud da minha mãe E ATÉ AGORA NÃO CONSEGUI VAI TOMAR NO OLHO DO CU TO MT PUTO @AppleSupport,"@287993 Since our Twitter support is available in English, get help at https://t.co/IBIY3vMgPj or join https://t.co/pvaOFfPbjt",APPLE_ID_ICLOUD,
EX_0121,167291,167291,Within 10mins i had to restart my phone because it keeps freezing! @115858 or @119511  fix this crappy phone !,"@154901  We can see that if any item in use stops working when you need it, it can cause concerns. If this behavior is happening on our devices, we want to get it solved. Can you let us know which iPhone and iOS version under Settings &gt; General &gt; About? Let us know in DM! https://t.co/GDrqU22YpT",DEVICE_FREEZING_UNRESPONSIVE,
EX_0122,2967809,2967809,"@113894 Responds to ping, and web server replying, but cannot authenticate ssh or IMAP.","@818705 We'd like to look into this with you, Neil. Reach out via DM and we'll get started. https://t.co/GDrqU22YpT",OTHER_UNCLEAR,
EX_0123,2967809,2967809,"@113894 Responds to ping, and web server replying, but cannot authenticate ssh or IMAP.","@818705 We'd like to look into this with you, Neil. Reach out via DM and we'll get started. https://t.co/GDrqU22YpT",OTHER_UNCLEAR,
EX_0124,1463516,"1463516,1463515,1463514",iOS11 I hate you!!!!!  Keeps on crashing arrrgghhhhhh.....but on the plus side we have 🏴󠁧󠁢󠁷󠁬󠁳󠁿 #welsh #emoji @115858 | @AppleSupport It’s 11.1 and every phone call the call drops out and then when using apps the phone freezes for 10-15 seconds. | @AppleSupport A lot of other people are having the same problem.,"@459694 Hey, we'd like to look into this. Can you clarify what you mean when you say that it's crashing? Also, what's the exact iOS version? | @459694 We want to help. DM us here: https://t.co/GDrqU22YpT",DEVICE_FREEZING_UNRESPONSIVE,
EX_0125,2520857,2520857,"@115858 is on some bull shit my phone keeps freezing, apps keep crashing, exc like wtf 😒",@718019 That is not expected behavior. Can you tell us more about what apps this is happening with? Are all of your apps updated already? App Store &gt; Updates &gt; Swipe down to refresh,DEVICE_FREEZING_UNRESPONSIVE,
EX_0126,1364807,"1364807,1364806,1364809,1364811",@AppleSupport my iPhone 8plus keeps disconnecting from my Bluetooth speaker | @AppleSupport It works fine with my car Bluetooth. But with my portable speaker and other portable speakers it does not | @AppleSupport No I do not just this phone has problems connecting | @AppleSupport Those aren’t the problem. My iPhone 6s worked fine with it. I heard some of the 8/8+s have Bluetooth problems,"@437766 We'd like to help with this Bluetooth issue. Are there any other Bluetooth devices you use? If so, does the same happen? | @437766 Do you have this issues with other devices that are connecting with your Bluetooth speaker? | @437766 Let's investigate where its being used. Use this page as a guide to identifying potential interference: https://t.co/CZef1ig8LM | @437766 Let's continue in DM where we can investigate further, and offer a solution so you can enjoy Bluetooth functionality. https://t.co/GDrqU22YpT",WIFI_BLUETOOTH,
EX_0127,1539289,1539289,Why are my I’s question marks? @AppleSupport,@477134  We want to help out with this. Take a look here: https://t.co/xU1AGHStV6,IOS_AUTOCORRECT_BUG,
EX_0128,2525741,2525741,@AppleSupport @TMobileHelp what is happening to my phone. it’s not letting me type in a groupchat or even leave. (i am not kicked) helllp https://t.co/JBLJG1FYFk,"@719194 Hi there, we've received your DM and you'll receive a response shortly.",APP_CRASHING,
EX_0129,426396,426396,@AppleSupport i transfered from an 5s to a 7+ &amp; tried 2  transfer my apple ID to my new phone &amp; it asks for a verification code for old #,@177635 Congratulations on your new iPhone! Let's look into this together. Let us know if this article helps: https://t.co/HjqkFeFUwW,APPLE_ID_ICLOUD,
EX_0130,1001178,1001178,"So the new #ios update has not been pleasant for me, FFS! ugh!!!!  @115858 #iphone7plus #iphone",@357026 We've got your back! What kind of issues are you having with the update on your iPhone?,OTHER_UNCLEAR,
EX_0131,619373,"619373,619372",@AppleSupport I haven’t been able to synch my phone for months as I can’t remember my password. You ask for my credit card details and tell me you will be in touch in a few days and still no password reset.  This has happened twice with no password reset.  Any advice? | @AppleSupport How any company can expect customers to jump through so many hoops and wait over a month to reset their password is beyond me. And your only advice is to send and 3rd request to reset. Hugely disappointed.,"@266976 We'd like to see if we can help with this. Send us a DM with more information, and we'll continue from there. https://t.co/GDrqU22YpT",APPLE_ID_ICLOUD,
EX_0132,1705378,1705378,@AppleSupport How do I turn on the iPhone X if the power button doesn’t work?,@516903 That's a great question. Here's a link that will show you how to restart the phone: https://t.co/OWRDHWSt4h,HARDWARE_PHYSICAL_DAMAGE,
EX_0133,2967809,2967809,"@113894 Responds to ping, and web server replying, but cannot authenticate ssh or IMAP.","@818705 We'd like to look into this with you, Neil. Reach out via DM and we'll get started. https://t.co/GDrqU22YpT",OTHER_UNCLEAR,
EX_0134,849982,849982,@AppleSupport Need your help about my Apple ID!,@321962 We’d like to see how we can help. Can you DM us some more details about the issue you're having? https://t.co/GDrqU22YpT,APPLE_ID_ICLOUD,
EX_0135,1795638,1795638,Iphone 8 touch screen suxxxx. I have to click on something like 5x for it to even work. My 6s+ has better touch screen sensor @AppleSupport,@539562 This isn't the experience we want you to have with your new iPhone. We'd love to help. Which iOS version do you have?,HARDWARE_PHYSICAL_DAMAGE,
EX_0136,2774363,2774363,@AppleSupport Why can’t I activate Apple Pay ?,@422090 Hi. We've received your DM and will continue there. Thanks!,OTHER_UNCLEAR,
EX_0137,255803,"255803,255802,255805",@AppleSupport you guys have killed the battery life on my 6S Plus.  Thanks . | @AppleSupport 11.2.  Noticed after I downloaded 11.0 | @AppleSupport @176842 11.0.2 stinks Apple just like 11 and just like 11.0.1 junk iOS,"@176842 Battery life is everything. Let's help! Which exact iOS version are you using? When did you first notice this battery issue? | @176842 Have you had the opportunity to update to 11.0.2? If not, we'd recommend backing up and doing so.",BATTERY_DRAIN_HEALTH,
EX_0138,1616811,1616811,Often MacOS High Sierra offers me to login as the System Administrator. I have no idea what account this is. Can you tell me @AppleSupport ?,@118106 We're glad to look into this with you! How frequently would you say you're seeing this account appear on login? When did you first notice it? Did this begin after a recent software update? Please DM us to proceed from here and we'll get to the bottom of it together. https://t.co/GDrqU22YpT,APPLE_ID_ICLOUD,
EX_0139,2436890,2436890,There’s screen RECORDING now?? @115858 is bugging 😵😵,"@699080 Check it out! How to record the screen on your iPhone, iPad, or iPod touch: https://t.co/4LuYBB7Kns",OTHER_UNCLEAR,
EX_0140,1918142,1918142,@AppleSupport yooo my phone has been tweaking since the update,@571271 Thanks for reaching out to us. We are always happy to help. Send us a DM and tell us what's going on so we can help you there. https://t.co/GDrqU22YpT,OTHER_UNCLEAR,
EX_0141,1083015,1083015,"Esse IOS 11 tá consumindo muita a bateria, Jesus. Da um jeito nisso @AppleSupport 😡😡😡😡","@375466 Since our Twitter support is available in English, get help at https://t.co/IBIY3vMgPj or join https://t.co/pvaOFfPbjt",BATTERY_DRAIN_HEALTH,
EX_0142,1926162,1926162,@115858 can you please stop turning my Bluetooth on,@573259 Hello there. Can you share with us which device and the current iOS you're using? DM us and we'll continue from there. https://t.co/GDrqU22YpT,WIFI_BLUETOOTH,
EX_0143,2500857,"2500857,2500856","Can I restore my old crap (pics and such) from a dead @115858 #iPad's #iCloud backup to a newer gen model? #apple $aapl | @AppleSupport Thanks! 👍 Any issues, pitfalls, or gotchas going from gen4 to 2017 model? Alternatively, is there a way to just pull data (eg photos) from the iCloud backup?","@713421 Great question. If a iCloud backup was made on the old iPad before it was unable to power back on, you would be able to restore that backup to another iPad. Take a look at this link for more info on how to restore a backup: https://t.co/OZqPAHfBRU | @713421 That's a great question! You wouldn't be able to pull specific information from an iCloud backup; however, for example, if you had iCloud Photo Library enabled on the old iPad, and you enable iCloud Photo Library on the new iPad, all your photos will sync to the iPad.",APPLE_ID_ICLOUD,
EX_0144,1584686,1584686,@115858 @AppleSupport why can’t eye type the letter eye 😭,@487626 We've got you. Try this workaround: https://t.co/xU1AGHStV6,IOS_AUTOCORRECT_BUG,
EX_0145,2406545,2406545,Confirmed that FileVault is causing my MacBook Pro running High Sierra to crash when the lid is closed.  @AppleSupport,"@290190 Thanks for bringing this to our attention. Join up with us in DM and provide us with more details, please. We'll look into this together. https://t.co/GDrqU22YpT",DEVICE_FREEZING_UNRESPONSIVE,
EX_0146,2128230,2128230,My Apple ID gets an activation error @AppleSupport,@626539 We'd like to help. Let's take this to DM and we'll explore ways to provide you assistance. https://t.co/GDrqU22YpT,DEVICE_FREEZING_UNRESPONSIVE,
EX_0147,2035854,2035854,"@AppleSupport this is an issue regarding apple music, but the slider will get stuck on a time while the music continues playing https://t.co/amBpLCivsE",@601897 Let's look into this for you. Does the issue persist after restarting: https://t.co/OWRDHWSt4h Let us know via DM. https://t.co/GDrqU22YpT,APPLE_MUSIC_LIBRARY,
EX_0148,1797247,1797247,@540025 @AppleSupport It’s fckin melted my battery on my 6 mate. Pissed off,@540024 We'd like to explore what's going on with your iPhone together. Please send us a DM and we'll dig in. https://t.co/GDrqU22YpT,BATTERY_DRAIN_HEALTH,
EX_0149,1698539,1698539,@AppleSupport when y’all gunna fix the “i” autocorrect?,@515167 Here’s what you can do to work around the issue until it’s fixed in a future software update: https://t.co/xXaXeeSRt9,IOS_AUTOCORRECT_BUG,
EX_0150,1771546,1771546,@115858 why is the “I️” freaking out with this new update?,@532507 Here’s what you can do to work around the issue until it’s fixed in a future software update: https://t.co/xXaXeeSRt9,IOS_AUTOCORRECT_BUG,
EX_0151,2493836,2493836,@115858 what to do about the EXTREME battery drainage on iPad since latest update??,@711878 Hey there! This is certainly not the behavior we want you to experience. We want to help! Can you DM us which iPad and iOS 11 version you're using? Here's a link to help locate your iOS version: https://t.co/ZTw54HL4Rm https://t.co/GDrqU22YpT,BATTERY_DRAIN_HEALTH,
EX_0152,40460,40460,The letter “I️” is malfunctioning when typing. Pleasure halp! @AppleSupport,@124868 We'd like to help you out. DM us with what type of device you're using and we'll get started. https://t.co/GDrqU22YpT,IOS_AUTOCORRECT_BUG,
EX_0153,1458717,1458717,"@AppleSupport “…the activation server is temporarily unavailable… If this problem persists…” Well, it’s persisting.","@458581 We’d love to help. We've received your DM, and we'll continue working with you there.",DEVICE_ACTIVATION,
EX_0154,1536270,1536270,@AppleSupport Got my new #iPhoneX. Too bad it won't activate.,@183194 Thanks for reaching out. Try following these steps and DM us if you still have issues: https://t.co/ywHIZGN4Ac,DEVICE_ACTIVATION,
EX_0155,1680914,1680914,"@AppleSupport I have done all the updates &amp; now my music app will not open &amp; crashes. Also, phone is hot all day &amp; dying fast.",@511100 We want you to be able to use your iPhone with no issues. Reach out to us in DM with more information. https://t.co/GDrqU22YpT,BATTERY_DRAIN_HEALTH,
EX_0156,2860021,2860021,"Ich weiß nicht, ob es euch aufgefallen ist aber das neue Update hat mein Handy so abgefuckt, dass ich keine einzige App mehr nutzen kann. 

YAY. DANKE @AppleSupport -.-",@794747 We offer support via Twitter in English. Contact us for help in your preferred language here: https://t.co/IBIY3vMgPj,APP_CRASHING,
EX_0157,1830334,1830334,How do you clear newer notifications off of the home screen in the new #iOS? @AppleSupport https://t.co/HMpjMESJL6,"@459279 Let’s see what’s going on with this. Reply by DM, and let us know the iOS version shown in Settings &gt; General &gt; About. https://t.co/GDrqU22YpT",OTHER_UNCLEAR,
EX_0158,1533832,1533832,"When ur $1000 iPhone X won’t activate 

@115858 https://t.co/TDIhfbyJfZ",@475679 Congratulations on your new iPhone X! Activation can be done wirelessly or through iTunes. Try out both: https://t.co/ywHIZGN4Ac,DEVICE_ACTIVATION,
EX_0159,1616698,1616698,Next time I️ try to type I️ and I️ get I️ I’m throwing hands with you 🥊😡@AppleSupport,"@495772 We are happy to help, please join us in DM to explain more about what you're experiencing. https://t.co/GDrqU22YpT",IOS_AUTOCORRECT_BUG,
EX_0160,2001799,2001799,@AppleSupport your software update is dreadful,"@591924 Hello, we’d love to help out with any issues you’re having. DM us with device &amp; iOS 11 version. We'll continue there. https://t.co/GDrqU22YpT",OTHER_UNCLEAR,
EX_0161,793984,793984,*presses home button twice* goes to home menu *holds down home button* closes apps @115858 fix please,@309313 We'll be glad to assist you. Have you installed iOS 11.0.3? Let us know in a DM. https://t.co/GDrqU22YpT,OTHER_UNCLEAR,
EX_0162,1809526,1809526,"Launching the camera from the iOS 11.0.2 lock screen and this happened. I could tap the icons at the top of the screen, but the banner kept hiding them. I added the exclamation points for attention. Cc: @115858, @AppleSupport https://t.co/Ucy5QBwZRK",@257666 Let’s get this sorted out together. Let us know which device you are using in DM and we'll go from there. https://t.co/GDrqU22YpT,OTHER_UNCLEAR,
EX_0163,2309247,"2309247,2309246","Ugh. What is it this time, @115858?! @AppleSupport https://t.co/ADetS0G2Uc | @AppleSupport Connected to WiFi and 11.1.1",@535202 We're here to help! Are you currently connected to Wi-Fi? Which version of iOS 11 are you updated to? | @535202 Thank you very much! Let's get you connected to our Photos team. You can reach them here: https://t.co/IBIY3vMgPj,APPLE_ID_ICLOUD,
EX_0164,1302857,1302857,@AppleSupport my Apple Music isn't working,@268407 We'd be happy to review this for you. Please DM us and we'll go from there. https://t.co/GDrqU22YpT,APPLE_MUSIC_LIBRARY,
EX_0165,1746827,1746827,@AppleSupport I downloaded iso11.1 and now all my Apple Music has been deleted????,@526620 We want to help. Go to Settings &gt; Music and make sure iCloud Music Library is turned on. Let us know if your music returns.,APPLE_MUSIC_LIBRARY,
EX_0166,1798202,"1798202,1798201","Thx, @115858 for the amazing iPhone updates, I now have to charge my phone 15 times a day because my battery dies so fast now 👏🏼🖕🏼 | @AppleSupport Just give me an iPhone 8 and we can call it even",@540316 We certainly understand how important battery life is. Send us a DM with more details and we'll go from there. https://t.co/GDrqU22YpT,BATTERY_DRAIN_HEALTH,
EX_0167,2731294,2731294,Can you combine 2 Apple ID’s? @AppleSupport,"@765675 We'd be happy to answer that for you. If you have multiple Apple IDs, you can’t merge them. You can read more at our website here: https://t.co/ckptoWI7iV",APPLE_ID_ICLOUD,
EX_0168,245370,"245370,245369,245372",@AppleSupport can I call and iMessage on apple watch without iPhone connected and without cellular plan on wifi connection only | @AppleSupport I’m thinking of getting the Series 3 | @AppleSupport Isn’t the Apple Watch Series 3 already out,"@158584 Which Apple Watch are you using? You can see what options are available on Wi-Fi on here: https://t.co/xZKvlmfdD9 | @158584 Nice! Our Sales Support team can best assist with pre-order questions and can be reached here: https://t.co/8yjRd1Xo0i | @158584 Yes, but we still recommend reaching out to our Sales Support Team.",OTHER_UNCLEAR,
EX_0169,259427,259427,Apple Music ça commence à devenir embêtant avec les bugs ! @115948 @AppleSupport,@177693 We offer support via Twitter in English. Contact us for help in your preferred language here: https://t.co/IBIY3vMgPj,APPLE_MUSIC_LIBRARY,
EX_0170,2278803,2278803,@AppleSupport whyyyyyyyyyyyy does my Apple ID always get disabled.,@662565 We understand that being able to access your account is vital. Check out this article and let us know if it helps: https://t.co/HH37urdbz9,APPLE_ID_ICLOUD,
EX_0171,1616664,1616664,who’s responsible for this question mark box every time I️ type the letter “I️” I’m tryna fight all the Apple devs right now. @115858 @AppleSupport,"@495759 We're happy to help, and have a few steps for you to try: https://t.co/xU1AGHStV6

Let us know how it goes.",IOS_AUTOCORRECT_BUG,
EX_0172,228477,228477,@170464 @170465 @170466 @170467 @115858 I have the 6 &amp; haven't updated for months &amp; my phone is still glitching &amp; freezing &amp; apps are crashing,@170463 We'd like to help. Let's take this to DM and we'll explore ways to provide you assistance. https://t.co/GDrqU22YpT,DEVICE_FREEZING_UNRESPONSIVE,
EX_0173,1069911,1069911,@AppleSupport Daffy Duck is not apart of my library anywhere,@372459 Thanks for reaching out! We'd love to help and recommend that you contact our iTunes Store team: https://t.co/SDIe7UiyJN,APPLE_MUSIC_LIBRARY,
EX_0174,2967809,2967809,"@113894 Responds to ping, and web server replying, but cannot authenticate ssh or IMAP.","@818705 We'd like to look into this with you, Neil. Reach out via DM and we'll get started. https://t.co/GDrqU22YpT",OTHER_UNCLEAR,
EX_0175,753037,753037,"Kendiliğinden wifi açma sorununu bi düzeltin nolur, şarj ömrü eksilere indi... @AppleSupport",@299977 We offer support via Twitter in English. Contact us for help in your preferred language here: https://t.co/IBIY3vMgPj,WIFI_BLUETOOTH,
EX_0176,2958755,2958755,Has anyone with a iphone 6 got burn screen before idk what to do @115858,@816611 That's not the experience we'd want you to have. Send us a DM with the country that you are located in to continue. https://t.co/GDrqU22YpT,HARDWARE_PHYSICAL_DAMAGE,
EX_0177,2860057,2860057,"özellikle yeni güncellemeden sonra, icloud kişi rehberi; insanı tüm sevdikleriyle düşman yapabilir.
teşekkürler @AppleSupport @115858

neden aynı numaradan 374748393 tane var.
neden bazı kişiler siliniyor gözükmüyor.
lanet şey.",@794755 We offer support via Twitter in English. Contact us for help in your preferred language here: https://t.co/IBIY3vMgPj,APPLE_ID_ICLOUD,
EX_0178,2967809,2967809,"@113894 Responds to ping, and web server replying, but cannot authenticate ssh or IMAP.","@818705 We'd like to look into this with you, Neil. Reach out via DM and we'll get started. https://t.co/GDrqU22YpT",OTHER_UNCLEAR,
EX_0179,1505480,1505480,"@115858 Как же так? Нет разъема, нельзя передавать файлы по Bluetooth, нет ИК порта и двух симок? На дворе 2007 год между прочим! Что за дела?",@469401 We offer support via Twitter in English. Contact us for help in your preferred language here: https://t.co/IBIY3vMgPj,OTHER_UNCLEAR,
EX_0180,877752,"877748,877752,877750,877751,1846041,1846040",@AppleSupport Thanks :-). iphone 8+ and latest OS. | @AppleSupport How do I search for Notes not in a folder? Trying to figure out how to separate ones that need to be organized from those that don't. | @AppleSupport @328363 my iPhone lock activation | @AppleSupport @328363 Could you help me to unlock my iPhone 5 activation | @AppleSupport I do not have an activation key. | @AppleSupport Can you help us to unlock our iPhone 5 activation by sending our iPhone 5 imei number,"@328363 Thanks for following up. Send us a DM so we can help you there. https://t.co/GDrqU22YpT | @328363 We’ve got you covered. Which device and OS are you using? | @552955 We'd like to help! When you say unlock your iPhone 5 activation; does that mean you have an activation lock? | @552955  That makes sense. Since you do not have an activation key, please DM us to let us know when you submitted for recovery. https://t.co/GDrqU22YpT | @552955 Check out the following article and DM us if you need help: https://t.co/apt0gLeQET",DEVICE_ACTIVATION,
EX_0181,1180597,"1180596,1180599,1180597","@AppleSupport they were in the photos app | @AppleSupport I've synced my photos to my icloud, but how do I find my photos on icloud? | i'm actually so pressed. where have my photos gone? guess who's swapping to another phone company @115858","@397676 Do you sync with iCloud at all? If you log into https://t.co/tmRhWEkIq4 do your pictures show up there? | @397676 You can log onto https://t.co/MdGttkkFL9 from a computer and see your photos there. | @397676 We know how important your photos are. To verify, were they in the Photos app or another location? We'll do our best to help.",APPLE_ID_ICLOUD,
EX_0182,2967809,2967809,"@113894 Responds to ping, and web server replying, but cannot authenticate ssh or IMAP.","@818705 We'd like to look into this with you, Neil. Reach out via DM and we'll get started. https://t.co/GDrqU22YpT",OTHER_UNCLEAR,
EX_0183,2205733,2205733,"@115858 my iPhone 7+ is the worst phone I’ve ever owned. Home button doesn’t work, turns off daily, rotation doesn’t work. It’s 5 months old",@644913 We'd like to help. DM us details on the apps you're using when it shuts off and we'll continue there. https://t.co/GDrqU22YpT,HARDWARE_PHYSICAL_DAMAGE,
EX_0184,2967809,2967809,"@113894 Responds to ping, and web server replying, but cannot authenticate ssh or IMAP.","@818705 We'd like to look into this with you, Neil. Reach out via DM and we'll get started. https://t.co/GDrqU22YpT",OTHER_UNCLEAR,
EX_0185,2292796,2292796,@AppleSupport any way to check the battery health of my iPhone?,"@665834 We'd be happy to help you out! What's going on with your battery, exactly? Let us know in a DM. https://t.co/GDrqU22YpT",BATTERY_DRAIN_HEALTH,
EX_0186,2349336,2349336,@AppleSupport my iPhone 7 battery life has plummeted since ios11. Help!!,@679099 We'll be happy to take a look. What is the exact version of iOS 11 that you're on? Check on Settings &gt; General &gt; About. https://t.co/GDrqU22YpT,BATTERY_DRAIN_HEALTH,
EX_0187,1746856,"1746856,1746857",@AppleSupport how do I get rid of this on my lock screen? Been stuck on there for weeks https://t.co/owoDTgKwaE | @AppleSupport 11.2 and yes!,@526630 We'll be happy to assist as best we can. What version of iOS are you currently running? Are you seeing this 100% of the time? | @526630 Since you are on the 11.2 Beta we'd refer you to report this via the Feedback app.,DEVICE_FREEZING_UNRESPONSIVE,
EX_0188,1981833,1981833,"WHYYYY @115858 everytime I️ type “I️” the pronoun to refer to myself, it changes to I️ ..... HELP",@586626 We definitely understand wanting your auto correct to work properly. Send us a DM and we'll discuss it further. https://t.co/GDrqU22YpT,IOS_AUTOCORRECT_BUG,
EX_0189,942759,"942759,942758,942760",Mijn @115858 #keyboard #Ipad geeft steeds accessoirefout. Wie herkent probleem en weet de oplossing? Dank alvast. Ik word er nl GEK van😫 | @AppleSupport Thank you. My keyboard doesnot seem to connect. When I do’nt use the keyboard I don’t get that  notification. What’s wrong? https://t.co/qGmbAWZtFJ | @AppleSupport Btw. The keyboard is an apple original 😀,"@343494 We offer support via Twitter in English. Contact us for help in your preferred language here: https://t.co/IBIY3vMgPj | @343494 We'll make sure to get this straightened out. DM us more details, and we'll see you there. https://t.co/GDrqU22YpT",HARDWARE_PHYSICAL_DAMAGE,
EX_0190,2422600,2422600,@AppleSupport I updated to High Sierra but on restart this is what I get... any advice? https://t.co/ZcdYUmHvv0,@695807 We know how important it is to be able to use your Mac as normal after an update. We want to help get you back up and running. Let us know in DM which model Mac you have to get started. https://t.co/GDrqU22YpT,IOS_UPDATE_INSTALLATION,
EX_0191,2065632,2065632,My phone still won’t connect to WiFi anywhere. @AppleSupport fed up of tech support I need a new phone not troubleshooting every time 🙃,@178305 We'd like to take a closer look at your issues. Please DM us more about what's happening and your current iOS version. https://t.co/GDrqU22YpT,WIFI_BLUETOOTH,
EX_0192,2455365,2455365,"Hey, @AppleSupport iMovie keeps crashing on me. Help.",@425111 We're happy to help. Can you tell us which device you are using? DM the answer below. https://t.co/GDrqU22YpT,APP_CRASHING,
EX_0193,272908,"272906,272908",@AppleSupport I understand. Previously turning in off in control center turned off in settings. It does not do that no and needs to | @115858 please repair control center. Bluetooth does not completely turn off,"@181172 We can help. That is normal when using the Control Center. You can read more here: https://t.co/G7BHuQnDS6 | @181172 Correct. As this is now a feature of iOS 11, we recommend you submit feedback about the change here: https://t.co/eTPVYVFyd8",WIFI_BLUETOOTH,
EX_0194,1412568,1412568,@AppleSupport Apple Music not compatible with my Galaxy Note 8 https://t.co/b3W7VQ7chU,"@129654 We'd like to get you pointed in the right direction. To begin, please send us a DM: https://t.co/GDrqU22YpT",APPLE_MUSIC_LIBRARY,
EX_0195,2297609,2297609,my phone won’t charge i’m suing @115858,@666989 We'd like to look into why your iPhone isn't charging. Send us a DM by clicking on the link below and we'll continue there. https://t.co/GDrqU22YpT,BATTERY_DRAIN_HEALTH,
EX_0196,1526014,"1526014,1526017,1526019,1548781,1541090,1548780","@AppleSupport Just got my iPhone X but activation is failing because the activation server is unavailable. Any help? | @197224 @AppleSupport Having the same problem, on Verizon. | @197224 @AppleSupport Same here on att | @AppleSupport Thank you.  I got it working. | @AppleSupport It worked after a few hours. Thansk. | @AppleSupport 🙌","@197224  Congratulations on your iPhone X. We'd be happy to help out. Please take a look at the following article: https://t.co/ywHIZGN4Ac | @479438 Hello there. Activation issues such as this can have multiple reasons for the error. Send us a DM, and we'll take a look. https://t.co/GDrqU22YpT | @477604 Hey, if you're having an issue with activation, try the steps here: https://t.co/ywHIZGN4Ac Let us know if that helps. | @479438 Cool. Let us know if you need additional assistance in the future. We've got you. | @477604 We're glad to hear that! Feel free to reach out to us again in the future.",DEVICE_ACTIVATION,
EX_0197,2743073,2743073,@AppleSupport iPhone 6S Plus draining too much battery,@302757 We'd be happy to help. Send us a DM with a few more details and we can start there. https://t.co/GDrqU22YpT,BATTERY_DRAIN_HEALTH,
EX_0198,1693502,1693502,What is up with the question marks @AppleSupport? I️ type something and a question mark comes up after I️ post. Is this due to the update?,@127358 Here’s what you can do to work around the issue until it’s fixed in a future software update: https://t.co/xXaXeeSRt9,IOS_AUTOCORRECT_BUG,
EX_0199,1997405,1997405,"@115858 Battery life though, battery life is SHIT",@590598 We'd like to work with you on your battery life. DM us using the link below and let us know what you're experiencing. https://t.co/GDrqU22YpT,BATTERY_DRAIN_HEALTH,
