conversation_id,customer_tweet_id,customer_author_id,customer_text,customer_created_at,support_tweet_id,support_text,support_created_at,turn_count,is_short,is_closure,is_dm_request,is_link_heavy,is_generic_response,theme_id,candidate_theme
1925170,1925170,573022,"@AppleSupport so I got my preorder in, but the website now says my order number and info are invalid, and I never got the email receipt…",Fri Oct 27 07:26:27 +0000 2017,1925169,@573022 Thank you for reaching out to us. Sometimes the receipt can automatically go into a junk or spam folder. Did you check there? https://t.co/GDrqU22YpT,Fri Oct 27 14:08:33 +0000 2017,2,False,False,False,False,False,0,applesupport | just | thanks | applesupport applesupport | thank
2726906,2726906,341723,"@AppleSupport Hey team! Having an issue sending a Home invitation to someone. Home app says Invitation Pending, but person hasn’t received it at any of their email addresses we’ve tried (3 total, including their iCloud address).",Mon Nov 20 05:19:10 +0000 2017,2726905,@341723 Happy to help with this. What type of device does the other person have? Are all devices using the latest vresion of iOS 11?,Mon Nov 20 13:47:34 +0000 2017,2,False,False,False,False,False,0,applesupport | just | thanks | applesupport applesupport | thank
1899975,1899975,566217,@AppleSupport is there an issue with maps right now? Like an outage?,Mon Oct 23 22:09:25 +0000 2017,1899974,"@566217 There doesn't appear to be an outage; you can view that here: https://t.co/7NVrDoNt4G

DM to let us know the issue; we'll help. https://t.co/GDrqU2kzhr",Mon Oct 23 22:13:27 +0000 2017,2,False,False,True,False,False,0,applesupport | just | thanks | applesupport applesupport | thank
1407867,"1407867,1407866,1407868",447246,"@AppleSupport it has been 2 hours but nothing happening. I’m unable to login. And I’ve restored os using command+R &gt;restore Mac(High Sierra) https://t.co/hTaXXy7ugP | @AppleSupport MacBook Pro (model no : MD101HNA) | @AppleSupport I’m able to run windows 10 in boot camp, but when trying to open in mas os, it’s stucking on starting up as shown in the tweeted image 😟",Mon Oct 16 16:55:42 +0000 2017,"1407865,1407869",@447246 We’re here to help. Would you please tell us which MacBook model you are using? | @447246 Let’s team up in DM and we’ll do our best to assist you. https://t.co/GDrqU22YpT,Mon Oct 16 17:06:00 +0000 2017,5,False,False,True,False,False,0,applesupport | just | thanks | applesupport applesupport | thank
1033262,"1033262,1033261,1033264",364465,"@AppleSupport what’s ap notification is not working.i have to open what’s ap for msg and calls.pls advise | @AppleSupport Thanks.i noticed it is happening to another app as well.reinstalled and checked ,but result is the same | @AppleSupport Yes updated the latest version.but still the same",Sat Oct 14 17:49:38 +0000 2017,"1033260,1033263,1033265","@364465 We'll be glad to help! Does this only occur with WhatsApp?
 If so, follow these steps: https://t.co/3WF5Z1DBGa | @364465 Have you updated to iOS 11.0.3? Please send us a DM and let us know. https://t.co/GDrqU22YpT | @364465 Tap Settings &gt; Do Not Disturb. Is this on? Send your response in a DM. https://t.co/GDrqU22YpT",Sat Oct 14 18:20:00 +0000 2017,6,False,False,True,False,False,0,applesupport | just | thanks | applesupport applesupport | thank
450403,"450403,450401,450402",133516,"Hey @AppleSupport, I can't get the ""Add Image to Photos"" option in the right click menu to work in Safari on 10.13.1 anymore... This just started a couple days ago. Suspect a bug in Safari, but not sure. What do you suggest? | @AppleSupport Yes, the option is still there. When I click it, nothing happens, whereas before it would import the photo into the Photos app just as it normally would. | @AppleSupport Update: I just restarted into Recovery and ran first aid on my SSD. Restarted into OS, and it now works. Don’t know what the deal was. 🤷🏼‍♂️",Thu Nov 30 21:20:29 +0000 2017,"450400,450404","@133516 We’d like to figure out why this is happening too. Do you see the option to download the images from Safari? Do you have any options to save or share the photo? | @133516 We're glad you've got it working! If you come across this again, reach out and we'll dig into this with you. Have a great day!",Thu Nov 30 21:27:00 +0000 2017,5,False,False,False,False,False,0,applesupport | just | thanks | applesupport applesupport | thank
1199490,1199490,396323,I️  ⬅️ fixed this glitch  @AppleSupport,Sun Nov 05 03:47:00 +0000 2017,1199489,"@396323 We're here to help. Send us a DM with which device and iOS version you're using, and we'll get started. https://t.co/GDrqU22YpT",Sun Nov 05 13:18:24 +0000 2017,2,False,False,True,False,False,0,applesupport | just | thanks | applesupport applesupport | thank
2253518,2253518,235373,"@AppleSupport Hey there, I bought @118062's #Reputation album on iTunes but didn't receive a boost code. Do you know anything about that? (cc: @121574)",Sat Nov 11 03:18:32 +0000 2017,2253517,@235373 We'd like to help find the best solution. Let's have you reach out to our iTunes support.  https://t.co/SDIe7UiyJN DM us if you have any other questions or concerns. https://t.co/GDrqU22YpT,Sat Nov 11 04:16:26 +0000 2017,2,False,False,True,False,False,0,applesupport | just | thanks | applesupport applesupport | thank
211305,"211305,211303,211302",166053,"Hey @AppleSupport is it supposed to do that? https://t.co/wcZkVFdnDe | @AppleSupport Thanks! iPad Air 2 (MGWL2X/A), 11.0.1 (15A402) | @AppleSupport Cool! On it. Thanks!",Wed Oct 04 17:26:33 +0000 2017,"211304,211301","@166053 We'd be happy to look into this. To start, can you let us know which device and software version you're using? | @166053 Great, thanks! At this time, we'd like to have you backup and update to iOS 11.0.2 and let us know if that helps with the issue.",Wed Oct 04 18:04:00 +0000 2017,5,False,False,False,False,False,0,applesupport | just | thanks | applesupport applesupport | thank
208139,"208138,208139",165236,@AppleSupport Ok. I will | @AppleSupport .... the 17 hour window was suppose to be over around 1pm today. So I’m wondering why the additional 1 day????,Thu Oct 05 00:47:30 +0000 2017,208137,"@165236 We'd be happy to look into this with you. To start, reach out to us in DM and we'll continue from there. https://t.co/GDrqU22YpT",Thu Oct 05 00:42:28 +0000 2017,3,False,False,True,False,False,0,applesupport | just | thanks | applesupport applesupport | thank
2813590,2813590,784484,My iPad Pro that is just over a year old is beginning to malfunction :-/ ding ding ding ding ding ding ding (yet nothing is being plugged in). #dingdingdingding (its not just me) ding ding ding tilting it upside down shuts it up ding ding ding @AppleSupport make it stahp!,Mon Nov 27 01:51:38 +0000 2017,2813589,"@784484 We know how important it is for your iPad Pro to work as expected and we're happy to help. To start, please DM us with the country where you're located and the exact iOS version you're using. You can find this by going to Settings &gt; General &gt; About. https://t.co/GDrqU22YpT",Mon Nov 27 02:08:00 +0000 2017,2,False,False,True,False,False,0,applesupport | just | thanks | applesupport applesupport | thank
403098,"403098,403097,403099,403101",211376,"@AppleSupport Hi! Is there a particular reason there's a square on the login page here? (Chrome/OS 10.10.5) https://t.co/iuCYE9dlal | @AppleSupport Thanks! I thought it was another icon before and wasn't sure if it had changed. | @AppleSupport Isn't this usually where it indicates if I have caps long on? | @AppleSupport That's what I thought. :) But my question is, why isn't it showing as such? Also, I'm getting a server error when I try to log in.",Mon Oct 09 19:51:49 +0000 2017,"403096,403100,403103",@211376 It would be to remember your profile on the device. | @211376 That would be an arrow icon. | @211376 DM us which device you are using and we can take a look with you further. https://t.co/GDrqU22YpT,Mon Oct 09 20:35:30 +0000 2017,7,False,False,True,False,False,0,applesupport | just | thanks | applesupport applesupport | thank
596886,"596886,596885",261494,"@AppleSupport Safari didn’t open any page and this message is keep showing . what should I do? https://t.co/g4Es8bYhsI | @AppleSupport Yes I’m on my home network and this happened after I opened up the computer this morning, yesterday everything was okay. and I don’t have any other browsers just safari",Sun Dec 03 18:32:45 +0000 2017,"596884,596887","@261494 We'll take a look at this together. Are you on your home network? Did this happen suddenly while browsing, after opening up your computer at the start of the day? Do you have any other browsers installed that are not shown here? Thanks. | @261494 Thanks for verifying that. First, check the time and date to make sure they are correct. Also, let's try Safe Mode to see if the issue continues: https://t.co/yzqLZ7lfa4",Sun Dec 03 19:22:28 +0000 2017,4,False,False,False,False,False,0,applesupport | just | thanks | applesupport applesupport | thank
813328,"813331,813328,813327,813326,813330",313809,"@AppleSupport I’ve sent you a DM please can you respond and sort my issues? Sick of lack of support | @AppleSupport Hi, since updating to ios11 I have been unable to accept or make calls. Had no problems on iOS10. Any advice? | @AppleSupport I’m on the iPhone 7, just updated to ios11.0.3 which hasn’t fixed the problem. The calls app just seems to freeze and no sound 1/2 | @AppleSupport 2/2 comes out of the speaker and people can’t hear me. The microphone and speaker work fine if used for non call purposes. | @AppleSupport DM sent. Hope to hear from you soon",Mon Oct 23 12:02:18 +0000 2017,"813332,813325,813329",@313809 Thanks for your patience. We have your DM and will follow up with you there. | @313809 Of course and we can help! Which iPhone and iOS 11 version are you using now? What happens when using the call features? | @313809 Meet up with us in DM. We'd love to work more with you on this and get it resolved. https://t.co/GDrqU22YpT,Mon Oct 23 14:23:13 +0000 2017,8,False,False,True,False,False,0,applesupport | just | thanks | applesupport applesupport | thank
1654629,"1654629,1654628,1654627",504997,I️ hate this so much. I️ needs to stop. I️ can’t take I️t anymore @AppleSupport | @AppleSupport I just did that and I️t didn’t work. | @AppleSupport Hmm. https://t.co/f0BR2XFv8n,Mon Nov 06 01:16:39 +0000 2017,"1654626,1654630",@504997 Here’s what you can do to work around the issue until it’s fixed in a future software update: https://t.co/xXaXeeSRt9 | @504997 Got it. Thank you for trying. Let's move over to DM using the link below. https://t.co/GDrqU2kzhr,Mon Nov 06 02:47:28 +0000 2017,5,False,False,True,False,False,0,applesupport | just | thanks | applesupport applesupport | thank
1988269,1988269,123832,@123577 @AppleSupport ugh i am like so over iphones,Thu Nov 02 03:47:37 +0000 2017,1988268,@123832 We're ready and able to help! Please DM us with your iOS version from Settings &gt; General &gt; About to get started. https://t.co/GDrqU22YpT,Thu Nov 02 12:50:33 +0000 2017,2,False,False,True,False,False,0,applesupport | just | thanks | applesupport applesupport | thank
449496,"449496,449495",221524,"@AppleSupport Hi, what is the best solution when you have all your apps freezing when you open them ? | @AppleSupport The latest 11.1.2",Thu Nov 30 20:52:40 +0000 2017,"449494,449497","@221524 We're glad to help. What version of iOS are you currently running? Find that in Settings &gt; General &gt; About. Let us know and we'll get started. | @221524 Meet us in DM with more details about which apps are freezing, when this began happening, and which country you're in. We'll go from there. https://t.co/GDrqU22YpT",Thu Nov 30 21:03:00 +0000 2017,4,False,False,True,False,False,0,applesupport | just | thanks | applesupport applesupport | thank
1299003,"1299005,1299003,1299002,1299001",423588,"@AppleSupport I tried that first and have done so a few times since. No change | @AppleSupport I upgraded to 11.0.3 and now cellular data doesn’t work. At. All. No iMessage, no email, no maps, no apps. It’s unacceptable. | @AppleSupport I have Verizon and the LTE/cell service appear totally normal, just nothing loads and iMessages don’t send/receive until I find WiFi | @AppleSupport And my phone is a 2-week-old iPhone SE",Fri Oct 27 00:58:23 +0000 2017,"1299004,1299006,1299000",@423588 Often times restarting your device can help to resolve unexpected behaviors. Let's see if that helps. | @423588 Thanks for confirming. Please meet us in DM so we can continue to work together to find a resolution. https://t.co/GDrqU22YpT | @423588 That’s not what we like to hear. What type of iPhone are you using? Does it display “Searching” or “No Service”?,Fri Oct 27 00:22:00 +0000 2017,7,False,False,True,False,False,0,applesupport | just | thanks | applesupport applesupport | thank
1918407,1918407,207747,Alarm sound didn’t off again @AppleSupport even my pre test one at 10pm did!,Thu Oct 26 07:27:06 +0000 2017,1918406,@207747 We'd be delighted to work together in DM to get to the bottom of the issue. You can reach us at the link below. https://t.co/GDrqU22YpT,Thu Oct 26 13:23:00 +0000 2017,2,False,False,True,False,False,0,applesupport | just | thanks | applesupport applesupport | thank
947853,947853,180356,@AppleSupport  I have a #PC with 2.8 GHz processor and 32G ram memory what is the #Mac equivalent or is there a Mac that beats my PC?,Sat Oct 21 16:32:11 +0000 2017,947852,@180356 Let's get you pointed in the right direction. Reach out to our Apple Online Store here for help further: https://t.co/8yjRd1Xo0i,Sat Oct 21 19:32:31 +0000 2017,2,False,False,False,False,False,0,applesupport | just | thanks | applesupport applesupport | thank
627934,627934,268724,"@AppleSupport how does the iCloud Photo optimization work? I have 200 mb of free space on my device, 3.5 gb is Photo library and... nothing happens. It suggest me to delete apps, clear messages and nothing more.",Wed Nov 22 13:32:25 +0000 2017,627933,"@268724 You can read more on how that works, here: https://t.co/8YUslsnsM5",Wed Nov 22 15:15:01 +0000 2017,2,False,False,False,False,False,0,applesupport | just | thanks | applesupport applesupport | thank
1217543,"1217543,1217542,1217545,1217547",405696,"@115858 why isn't the sound working on my phone ??? | @AppleSupport Calls are fine its music, voice notes, playing videos and even just typing but during calls my sound seems to work | @AppleSupport Okay thanks I've tried every method but it's still not working | @AppleSupport Thank you it's working now 😌",Wed Oct 25 11:45:49 +0000 2017,"1217541,1217544,1217546","@405696 Let's sort this out together. Do you notice this during calls, when playing music, or at another time? | @405696 Interesting. Let's see if the troubleshooting steps in the following article helps: https://t.co/4Kux8rhhGX | @405696 Thank you for trying. Let us look further into this in a DM. Meet up with us there by using this link: https://t.co/GDrqU22YpT",Wed Oct 25 14:28:50 +0000 2017,7,False,False,True,False,False,0,applesupport | just | thanks | applesupport applesupport | thank
313314,313314,190816,"@AppleSupport I just realized about Staingate, was always mad about my screen on my MBP! But you will replace it?",Sat Oct 07 02:21:00 +0000 2017,313313,@190816 Let's gather some info on this. Please DM us. https://t.co/GDrqU22YpT,Sat Oct 07 05:00:31 +0000 2017,2,False,False,True,False,False,0,applesupport | just | thanks | applesupport applesupport | thank
963353,963353,348621,HOW COME MY GIFS ARENT WORKING WHEN IM ON DATA @AppleSupport,Sat Oct 14 03:09:03 +0000 2017,963352,@348621 Send us a DM and let us know how they aren't working. We'll see if we can figure it out together. https://t.co/GDrqU22YpT,Sat Oct 14 03:38:00 +0000 2017,2,False,False,True,False,False,0,applesupport | just | thanks | applesupport applesupport | thank
2036881,2036881,477764,Alright that’s it. How many times am I going to have to retype my messages till they stop erasing before I️ even send??? @AppleSupport,Mon Nov 06 23:07:17 +0000 2017,2036880,@477764 We can look into this with you. Send us a DM with what model iPhone &amp; iOS version you're working. We'll meet you there. https://t.co/GDrqU22YpT,Tue Nov 07 00:02:00 +0000 2017,2,False,False,True,False,False,0,applesupport | just | thanks | applesupport applesupport | thank
2364431,"2364431,2364428,2364427",682647,"Okay, folks, anyone else has iPhone7+ not accepting correct passcode after upgrade to #ios1111? @AppleSupport, heard of any cases? | @AppleSupport Yes, and after I've restarted nothing changed. And after 10th attempt all the data got erased, altho I've switched off this feature in Settings ages ago. Looks like #ios1111 has broken keyboard instead of fixing it | @AppleSupport I wouldn't be so upset if I had :(",Mon Nov 13 08:16:18 +0000 2017,"2364430,2364426,2364429",@682647 We can help out. Are you referring to the passcode to unlock your iPhone? Have you restarted your iPhone and tried again? | @682647 Do you have a recent backup in iCloud or iTunes of the device? | @682647 Try setting up a passcode now. Let us know if it still has issues taking the passcode in Direct Message https://t.co/GDrqU22YpT,Mon Nov 13 14:47:29 +0000 2017,6,False,False,True,False,False,0,applesupport | just | thanks | applesupport applesupport | thank
1980864,1980864,586368,@149329 @AppleSupport any reason why I had a few text messages timestamped in the morning that didn’t arrive until the evening?,Wed Oct 18 18:03:01 +0000 2017,1980863,@586368 Thanks for reaching out. We're here to help. DM us so we can look into this further with you. https://t.co/GDrqU22YpT,Wed Oct 18 18:24:34 +0000 2017,2,False,False,True,False,False,0,applesupport | just | thanks | applesupport applesupport | thank
335755,"335755,335752,335750,774121,335749",196051,".@AppleSupport I am having daily kernel panics in High Sierra and I'm about to lose my mind | @AppleSupport No I just wake up in the morning and move my mouse and either the machine rebooted itself or the screen is black and requires hard reboot | @196051 @AppleSupport Hey, same problem here! MacBook 15“ 2017 TouchBar black screen and requires hard reboot | @AppleSupport The message comes up when I restart (your system was restarted because of an error etc) and it cites a kernel error, which I always send in | @AppleSupport No it’s set as default settings",Sat Oct 07 15:25:28 +0000 2017,"335754,335753,335748,774122,335751",@196051 We can help out with High Sierra performance. Does it happen with any particular usage? | @196051 Do you see the kernel panic message on your screen when this happens?  Did you happen to record the text? | @196050 Do you have any specific power or sleep settings set in the macOS System Preferences? | @196051 We appreciate all the information provided. Take a look here: https://t.co/C10SyCVecs Reach us via DM for more help. https://t.co/GDrqU22YpT | @196050   Got it. Please follow the steps here: https://t.co/E9ZxjH7LF8 This includes an SMC and NVRAM reset. Let us know the results.,Sat Oct 07 18:04:27 +0000 2017,10,False,False,True,False,False,0,applesupport | just | thanks | applesupport applesupport | thank
2777542,2777542,775997,The screen of my iMac keeps glitching I got it like 4 moths ago why @AppleSupport,Tue Nov 21 15:05:14 +0000 2017,2777541,@775997 Thanks for contacting us about your iMac. We'd like to get more info. Let's meet in DM. https://t.co/GDrqU22YpT,Tue Nov 21 15:49:31 +0000 2017,2,False,False,True,False,False,0,applesupport | just | thanks | applesupport applesupport | thank
1156325,"1156325,1156323",392004,"Hi @AppleSupport, 
How much is 9.7inch cellular+wifi IPAD? | @AppleSupport Nigeria",Tue Oct 24 16:05:07 +0000 2017,"1156324,1156322","@392004 We'd be happy to take a look for you!  Can you tell us what country you're located in?  Also, check out: https://t.co/maN6wOXGev | @392004 To shop, you can contact a local Apple Authorized Distributor here: https://t.co/6J9VP0EUNO",Tue Oct 24 16:31:00 +0000 2017,4,False,False,False,False,False,0,applesupport | just | thanks | applesupport applesupport | thank
2425900,2425900,696618,@AppleSupport Very unhappy with using Phobio which is the trade in partner on your site. Its one mistake after another. Every email I get from them has nothing to do with what is happening or what I sent in. Has me worried how this will end.,Tue Nov 14 18:46:13 +0000 2017,2425899,"@696618 Hey there! We want to make sure we provide you the information you need. Please send us a DM with the exact issue you're experiencing, so we can find you the details you need. https://t.co/GDrqU22YpT",Tue Nov 14 19:17:33 +0000 2017,2,False,False,True,False,False,0,applesupport | just | thanks | applesupport applesupport | thank
1005233,1005233,357927,"@AppleSupport I am still having issue with ASPN and notifications with multiple applications, mail and @4305 iOS11.0.3",Sat Oct 14 06:16:30 +0000 2017,1005232,@357927 Hi there. Please send us a DM with details. We'll meet you there to help out. https://t.co/GDrqU22YpT,Sat Oct 14 13:22:00 +0000 2017,2,False,False,True,False,False,0,applesupport | just | thanks | applesupport applesupport | thank
1858000,1858000,555586,@AppleSupport why when I screen shot something it a white screen in my camera roll,Thu Oct 19 11:20:36 +0000 2017,1857999,@555586 Let's look into this together! Join us in DM with details about when this started and the current iOS version installed. https://t.co/GDrqU22YpT,Thu Oct 19 14:10:00 +0000 2017,2,False,False,True,False,False,0,applesupport | just | thanks | applesupport applesupport | thank
1682586,1682586,511499,"Ay @115858, fix your [?] already.",Mon Nov 06 13:26:21 +0000 2017,1682585,@511499 Here’s what you can do to work around the issue until it’s fixed in a future software update: https://t.co/xXaXeeSRt9,Mon Nov 06 16:33:36 +0000 2017,2,False,False,False,False,False,1,fix | 115858 fix | applesupport fix | glitch | shit
1498641,1498641,467954,@AppleSupport fix the fucking “I️” problem,Fri Nov 03 03:50:03 +0000 2017,1498640,"@467954 We'd like to help. When you can, please join us in DM using this link: https://t.co/GDrqU22YpT",Fri Nov 03 13:09:00 +0000 2017,2,False,False,True,False,False,1,fix | 115858 fix | applesupport fix | glitch | shit
1297957,1297957,423336,@115858 support what’s the fix for the back arrow failure,Thu Oct 26 21:51:47 +0000 2017,1297956,@423336 We want to help. DM us the device and OS it's using here: https://t.co/GDrqU22YpT,Thu Oct 26 22:38:00 +0000 2017,2,False,False,True,False,False,1,fix | 115858 fix | applesupport fix | glitch | shit
2015795,"2015795,2015794",521786,Okay @AppleSupport needs to fix this box thing like now. I’m sick of it | @AppleSupport Will there be a permanent solution to this though?,Sun Nov 05 16:46:29 +0000 2017,2015793,@521786 Thanks for reaching out. We have a workaround for this here: https://t.co/xXaXeeSRt9 DM us if you still need help. https://t.co/GDrqU22YpT,Sun Nov 05 19:51:00 +0000 2017,3,False,False,True,False,False,1,fix | 115858 fix | applesupport fix | glitch | shit
2013690,2013690,595433,@115858 y’all gotta fix this “ i “ shit dawg.,Sun Nov 05 07:04:45 +0000 2017,2013689,@595433 Thanks for reaching out. We have a workaround for this here: https://t.co/xXaXeeSRt9 DM us if you still need help. https://t.co/GDrqU22YpT,Sun Nov 05 16:54:00 +0000 2017,2,False,False,True,False,False,1,fix | 115858 fix | applesupport fix | glitch | shit
1772137,1772137,532637,@115858 fix this stupid I️ bug,Tue Nov 07 23:27:40 +0000 2017,1772136,@532637 Here’s what you can do to work around the issue until it’s fixed in a future software update: https://t.co/xXaXeeSRt9,Wed Nov 08 01:59:25 +0000 2017,2,False,False,False,False,False,1,fix | 115858 fix | applesupport fix | glitch | shit
1606761,1606761,493571,@115858 FIX THE FUCKING “I️” BUG,Sat Nov 04 22:41:17 +0000 2017,1606760,@493571 Thanks for reaching out. We recommend the steps in our article here to assist: https://t.co/uQeXsrrlXJ,Sun Nov 05 02:33:28 +0000 2017,2,False,False,False,False,False,1,fix | 115858 fix | applesupport fix | glitch | shit
1677833,1677833,510334,@115858 needs to fix this shit with the l’s,Mon Nov 06 07:18:42 +0000 2017,1677832,@510334 Here’s what you can do to work around the issue until it’s fixed in a future software update: https://t.co/xXaXeeSRt9,Mon Nov 06 15:06:00 +0000 2017,2,False,False,False,False,False,1,fix | 115858 fix | applesupport fix | glitch | shit
2010121,2010121,594396,@43299 with @12576 hanging like crazy. Are you gonna fix this @AppleSupport ? This is not the way to make me buy more @115858 products!,Sat Nov 04 16:59:37 +0000 2017,2010120,@594396 We'd be happy to help with this. Could you please send us a DM so we can gather some info and take a look? https://t.co/GDrqU22YpT,Sat Nov 04 20:43:00 +0000 2017,2,False,False,True,False,False,1,fix | 115858 fix | applesupport fix | glitch | shit
665764,665764,278587,@115858 @AppleSupport FIX THIS I️ PLEASE,Sat Nov 11 17:46:09 +0000 2017,665763,"@278587 We recently released an iOS update, 11.1.1, that contains a fix for autocorrect issues. Let’s be sure to back up your device prior to updating. How to back up: https://t.co/4f8hwT5to6",Sat Nov 11 20:41:32 +0000 2017,2,False,False,False,False,False,1,fix | 115858 fix | applesupport fix | glitch | shit
1626581,1626581,498064,Y’all really killing me with this “I” shit for real @115858 fix it,Sun Nov 05 14:37:10 +0000 2017,1626580,@498064 We'd be happy to help. Send us a DM with a screenshot of what you are seeing. https://t.co/GDrqU22YpT,Sun Nov 05 18:46:24 +0000 2017,2,False,False,True,False,False,1,fix | 115858 fix | applesupport fix | glitch | shit
1478393,1478393,463306,"@115858

 can you please fix this a and I️",Thu Nov 02 21:30:44 +0000 2017,1478392,"@463306 We'd be happy to look into this further. In DM, please let us know which software version you're using. https://t.co/GDrqU22YpT",Thu Nov 02 23:32:28 +0000 2017,2,False,False,True,False,False,1,fix | 115858 fix | applesupport fix | glitch | shit
2132064,2132064,627430,@AppleSupport we been waiting for you to fix I.T 🙃,Wed Nov 08 19:40:21 +0000 2017,2132063,@627430 We'd like to look into this with you. Begin by sending us a DM telling us which device you have and the OS it's running. https://t.co/GDrqU22YpT,Wed Nov 08 20:16:28 +0000 2017,2,False,False,True,False,False,1,fix | 115858 fix | applesupport fix | glitch | shit
2017217,"2017217,2017216",596551,@115858 FIX THIS BUG WHERE MY PHONE CANT TYPE THE LETTER “I” WITHOUT IT AUTO CORRECTING TO HIEROGLYPHICS 🙄🙄 | @AppleSupport Bet preciate it fam 🤞🏾,Sun Nov 05 20:02:46 +0000 2017,2017215,@596551 Here’s what you can do to work around the issue until it’s fixed in a future software update: https://t.co/xXaXeeSRt9 https://t.co/GDrqU22YpT,Sun Nov 05 22:27:29 +0000 2017,3,False,False,False,False,False,1,fix | 115858 fix | applesupport fix | glitch | shit
593569,593569,260546,Every time I go on snapchat my music stops!!  @115858 NEEDS TO FIX THIS SHIT ASAP!!!!!,Sun Dec 03 16:56:56 +0000 2017,593568,@260546 We're here to help. Let's take this to DM so we can better assist you. https://t.co/GDrqU22YpT,Sun Dec 03 17:50:00 +0000 2017,2,False,False,True,False,False,1,fix | 115858 fix | applesupport fix | glitch | shit
2121527,2121527,625051,When is @115858 going to fix the bug that happens with the letter I️ ?,Wed Nov 08 09:18:54 +0000 2017,2121526,@625051 Here’s what you can do to work around the issue until it’s fixed in a future software update: https://t.co/xXaXeeSRt9,Wed Nov 08 15:48:34 +0000 2017,2,False,False,False,False,False,1,fix | 115858 fix | applesupport fix | glitch | shit
1457407,1457407,264619,@AppleSupport fix my fucking “I️” button what the fuck,Thu Nov 02 18:06:39 +0000 2017,1457406,"@264619 If you'd like, we can offer some guidance. DM us the iOS version and we'll go from there. https://t.co/GDrqU22YpT",Thu Nov 02 20:16:00 +0000 2017,2,False,False,True,False,False,1,fix | 115858 fix | applesupport fix | glitch | shit
1762205,1762205,530228,"I️ I️ I️ I️ I️ I️ I️ I️ I️ I️ I️ I️ I️ I️ I️ I️ I️ I️ I️ 

I’m really going to need y’all to fix this shit @115858",Tue Nov 07 19:02:09 +0000 2017,1762204,@530228 Here’s what you can do to work around the issue until it’s fixed in a future software update: https://t.co/xXaXeeSRt9,Tue Nov 07 20:37:30 +0000 2017,2,False,False,False,False,False,1,fix | 115858 fix | applesupport fix | glitch | shit
2133428,2133428,627725,"ℹ️ am so hungover 

@115858 got me fucked up. Fix the ℹ️ so ℹ️ don’t look like I️m starting a novel every time I use the ℹ️",Wed Nov 08 20:15:17 +0000 2017,2133427,@627725 Here’s what you can do to work around the issue until it’s fixed in a future software update: https://t.co/xXaXeeSRt9,Wed Nov 08 20:35:00 +0000 2017,2,False,False,False,False,False,1,fix | 115858 fix | applesupport fix | glitch | shit
2149070,2149070,631610,Also. @AppleSupport reeeeally should fix this “I” autocorrect bull crap. It’s annoying.,Thu Nov 09 00:40:32 +0000 2017,2149069,@631610 Here’s what you can do to work around the issue until it’s fixed in a future software update: https://t.co/xXaXeeSRt9 https://t.co/GDrqU22YpT,Thu Nov 09 00:48:00 +0000 2017,2,False,False,False,False,False,1,fix | 115858 fix | applesupport fix | glitch | shit
2024706,2024706,598767,Can @115858 fix this annoying “I️” issue,Mon Nov 06 06:05:44 +0000 2017,2024705,"@598767 Thanks for reaching out. We have a workaround for this here: https://t.co/xXaXeeSRt9 

DM us if you still need help. https://t.co/GDrqU22YpT",Mon Nov 06 14:45:40 +0000 2017,2,False,False,True,False,False,1,fix | 115858 fix | applesupport fix | glitch | shit
2321379,2321379,672700,@115858 can you please fix this: I️,Mon Nov 13 05:39:09 +0000 2017,2321378,"@672700 We recently released iOS 11.1.1 to address this issue. Have you had a chance to update? If not, please follow these steps:  https://t.co/8xihd9VRBM DM us if the issue continues. https://t.co/GDrqU22YpT",Mon Nov 13 14:08:00 +0000 2017,2,False,False,True,False,False,1,fix | 115858 fix | applesupport fix | glitch | shit
1527660,1527660,474332,@115858 fix this before I go to android on yall dumb ass!!!!!!!!,Fri Nov 03 18:20:42 +0000 2017,1527659,@474332 We want to help you out. DM us some more details about the issue you're having to get started with us: https://t.co/GDrqU22YpT,Fri Nov 03 22:25:31 +0000 2017,2,False,False,True,False,False,1,fix | 115858 fix | applesupport fix | glitch | shit
2322745,"2322744,2322745",673045,@AppleSupport @673044 And why is it only happening to some users? I don’t think I’ve had the issue yet. So am I not completely up to date? | @115858 explain. Fix it.,Mon Nov 13 14:28:09 +0000 2017,2322743,@673044 Here’s what you can do to work around the issue until it’s fixed in a future software update: https://t.co/xXaXeeSRt9,Thu Nov 09 14:26:31 +0000 2017,3,False,False,False,False,False,1,fix | 115858 fix | applesupport fix | glitch | shit
2446367,"2446367,2446365",349062,@AppleSupport how do I️ fix this error in your system ? https://t.co/EQdPaX8lsQ | @AppleSupport I️ believe so,Wed Nov 15 01:16:02 +0000 2017,"2446366,2446364","@349062 We want to help. Are you updated to iOS 11.1.1? | @349062 Okay, meet us in DM and we can help find out! https://t.co/GDrqU22YpT",Wed Nov 15 01:22:38 +0000 2017,4,False,False,True,False,False,1,fix | 115858 fix | applesupport fix | glitch | shit
1507992,1507992,470003,@AppleSupport @115858 fix this damn iOS update. Sick of 7 locking up. #annoyed,Fri Nov 03 04:31:39 +0000 2017,1507991,"@470003 We're happy to help with your iPhone, please let us know more about what you're experiencing.",Fri Nov 03 13:59:00 +0000 2017,2,False,False,False,False,False,1,fix | 115858 fix | applesupport fix | glitch | shit
2007414,2007414,593598,@115858 @AppleSupport aye look. We about to have a problem if y’all don’t fix this damn glitch with the letter “I️” and “I.T”,Sat Nov 04 03:47:38 +0000 2017,2007413,@593598 Thanks for reaching out to us for support. We would love to help you. Please DM us so that we can look into this together. https://t.co/GDrqU22YpT,Sat Nov 04 14:11:00 +0000 2017,2,False,False,True,False,False,1,fix | 115858 fix | applesupport fix | glitch | shit
53563,53563,128104,@128105 I️ know me too! It’s so annoying @AppleSupport fix this problem! 😒😒😒,Wed Nov 01 18:30:26 +0000 2017,53562,"@128104 We're happy to do everything we can to help. To start, DM us with the country where you're located. https://t.co/GDrqU22YpT",Wed Nov 01 18:55:40 +0000 2017,2,False,False,True,False,False,1,fix | 115858 fix | applesupport fix | glitch | shit
2105956,2105956,250292,@AppleSupport (jk never android) but please fix it. Please,Wed Nov 08 04:26:13 +0000 2017,2105955,@250292 Here’s what you can do to work around the issue until it’s fixed in a future software update: https://t.co/xXaXeeSRt9,Wed Nov 08 13:29:00 +0000 2017,2,False,False,False,False,False,1,fix | 115858 fix | applesupport fix | glitch | shit
2212964,2212964,646749,Not to put the blame on anyone but @115858 youre the reason my iphone sucks now and does nothing but lag ok and fix the I problem,Fri Nov 10 03:39:37 +0000 2017,2212963,@646749 We recently released iOS 11.1.1. Let's have you backup and update and see if that resolves the issue. Check out this link if you need help with the backup: https://t.co/ui8Itz8ESg DM us if you're still having this issue: https://t.co/GDrqU22YpT,Fri Nov 10 04:37:55 +0000 2017,2,False,False,True,False,False,1,fix | 115858 fix | applesupport fix | glitch | shit
2001776,2001776,218710,iOS 11 drains batteries @115858  FIX IT. https://t.co/kEInl2ejLG,Fri Nov 03 16:44:43 +0000 2017,2001775,@218710 We'd like to work together and determine what's causing this on your iOS device. Which device are we working with? Please DM us. https://t.co/GDrqU22YpT,Fri Nov 03 21:25:36 +0000 2017,2,False,False,True,False,False,1,fix | 115858 fix | applesupport fix | glitch | shit
2713214,2713214,564583,@AppleSupport screen doesn’t wake up during incoming calls after ios11 update in my iPhone6. Please fix the problem.,Mon Nov 20 03:39:06 +0000 2017,2713213,@564583 Let's look into this wake up issue for you. Which iOS version are you currently on? Are you still able to answer phone calls? Let us know in DM. https://t.co/GDrqU22YpT,Mon Nov 20 03:55:30 +0000 2017,2,False,False,True,False,False,1,fix | 115858 fix | applesupport fix | glitch | shit
1219254,"1219254,1219253,1219256,1219258",406067,"Hey @115858 how do I fix this, so I can clear space up on my phone. #AppleHelp https://t.co/G6tdvPGqw0 | @AppleSupport Ya I think can find one | @AppleSupport Quick question how do I reboot my iPhone when the power button isn't working. I've already enable the touch option. | @AppleSupport I can just plug it in to wake it up again. The button still clicks it just doesn't work.",Wed Oct 25 13:31:34 +0000 2017,"1219252,1219255,1219257,1219259","@406067 Let's look into this further. Do you have a computer with iTunes installed or a computer you can install iTunes on? | @406067 Excellent. Join us in DM once you have it and we'll look into our options. https://t.co/GDrqU22YpT | @406067 We want to be sure you're able to power it back on after you power it off. Is the button physically broken? | @406067 With iOS 11 or later, go to Settings &gt; General &gt; Shut Down. Plug it into a computer to power back on. Questions? Connect by DM. https://t.co/GDrqU2kzhr",Wed Oct 25 14:47:21 +0000 2017,8,False,False,True,False,False,1,fix | 115858 fix | applesupport fix | glitch | shit
1951100,"1951100,1951099,1951102",579468,"Hey @AppleSupport please tell me how to turn these search suggestions off? These are the charming terms that appear on a page about Rochdale https://t.co/nncem7BKyM | @AppleSupport Hi, My second messages shows I’ve done this already - pic included again https://t.co/wNaycOOso1 | @AppleSupport Have done this - problem persists.",Sun Oct 29 10:14:13 +0000 2017,"1951098,1951101","@579468 Go to Settings &gt; Siri &amp; Search, then turn off Search &amp; Siri suggestions for Safari and test to see if the issue persists.  DM us. https://t.co/GDrqU22YpT | @579468 Thank you.  Please Restart the device and test to see if the issue persists.  DM us back. https://t.co/GDrqU22YpT",Sun Oct 29 14:16:29 +0000 2017,5,False,False,True,False,False,2,https | applesupport https | applesupport | 115858 https | 115858 applesupport https
2551396,"2551396,2551395",724815,"Comme un doute ??? 🤔
@AppleSupport https://t.co/1hQtZEXBio | @AppleSupport thanks, it's just phishing ;)",Mon Oct 30 15:17:25 +0000 2017,2551394,@724815 We offer support via Twitter in English. Contact us for help in your preferred language here: https://t.co/IBIY3vMgPj,Mon Oct 30 15:21:04 +0000 2017,3,False,False,False,False,False,2,https | applesupport https | applesupport | 115858 https | 115858 applesupport https
588178,588178,258995,"@AppleSupport o seus arrombado, começa a fazer cabo e fone decente e que não quebre com tempo de uso E PARA DE SÓ MELHORAR A PORRA DA CÂMERA, SEUS FILHA DA PUTA https://t.co/sO7IZcKAfV",Sun Dec 03 13:23:40 +0000 2017,588177,"@258995 Since our Twitter support is available in English, get help at https://t.co/IBIY3vMgPj or join https://t.co/pvaOFfPbjt",Sun Dec 03 15:46:00 +0000 2017,2,False,False,False,False,False,2,https | applesupport https | applesupport | 115858 https | 115858 applesupport https
2446375,2446375,701331,@AppleSupport  https://t.co/8ZtWj1anzY,Wed Nov 15 01:52:39 +0000 2017,2446376,"@701331 Yes, that is expected behavior if you are using two-factor authentication. Get more details and the proper steps here: https://t.co/n690Nqn5Sg",Wed Nov 15 02:08:35 +0000 2017,2,False,False,False,False,False,2,https | applesupport https | applesupport | 115858 https | 115858 applesupport https
2707661,2707661,176254,"@AppleSupport why cant siri translate from british english to italian, but can do with usa english? Surely it is the same language? https://t.co/H87ZwFbdVl",Mon Nov 20 00:16:13 +0000 2017,2707660,"@176254 Thanks for reaching out to us for support. We would love to look into this with you. When you have a free moment, can you please tell us which version of iOS you are currently running?",Mon Nov 20 00:20:53 +0000 2017,2,False,False,False,False,False,2,https | applesupport https | applesupport | 115858 https | 115858 applesupport https
1537014,1537014,322221,Can you take this feedback ? @AppleSupport  :) https://t.co/pvBudhBfh0,Fri Nov 03 20:39:21 +0000 2017,1537013,@322221 Thanks! You can share suggestions and feedback here: https://t.co/eTPVYVFyd8,Sat Nov 04 00:47:56 +0000 2017,2,False,False,False,False,False,2,https | applesupport https | applesupport | 115858 https | 115858 applesupport https
1070129,1070129,372508,"I saw this tweet last night. Today, Spotify isn't accessible on lock screen and control center. @115858? https://t.co/zrFQdRTjBJ",Mon Oct 23 15:30:52 +0000 2017,1070128,@372508 We're here to help. Let's take this to DM so we can better assist you. https://t.co/GDrqU22YpT,Mon Oct 23 15:57:00 +0000 2017,2,False,False,True,False,False,2,https | applesupport https | applesupport | 115858 https | 115858 applesupport https
2060801,"2060801,2060800",609492,"@AppleSupport These are my current settings, yet Live photos is always on when I open my camera. I want it off. Am I doing something wrong? https://t.co/qfzYwGhdrS | @AppleSupport Messaged",Sat Oct 07 14:54:42 +0000 2017,2060799,@609492 Great screenshot share. Thanks. Let us take it from here and help you with this. Meet us in DM to get started. https://t.co/GDrqU22YpT,Sat Oct 07 17:46:26 +0000 2017,3,False,False,True,False,False,2,https | applesupport https | applesupport | 115858 https | 115858 applesupport https
87063,"87063,87062",135058,"Что-то statusbar уехал (

@AppleSupport, is it a bug or feature? https://t.co/CPqHI7wTUb | @AppleSupport Thanks for taking attention on this matter. I’m not sure if this is a bug actually, but UI looks strange. I mean when I swipe to Control Center then StatusBar moves down. Why so? It’d be better to stay in it’s new home…",Thu Nov 30 09:02:33 +0000 2017,"87061,87064","@135058 Hey, we'd like to learn some more information on what's going on so that we can help. Send us a DM with the exact iOS version currently installed, and we'll go from there. https://t.co/GDrqU22YpT | @135058 That is expected behavior with the Control Center and the status bar. However, we can help get you to the right place to make your suggestion about that. Provide your feedback here:  https://t.co/eTPVYVFyd8",Thu Nov 30 14:30:00 +0000 2017,4,False,False,True,False,False,2,https | applesupport https | applesupport | 115858 https | 115858 applesupport https
433123,433123,218012,@AppleSupport Why is my iPad Pro doing this? Crazy. https://t.co/Cv5Sk94iLS,Tue Oct 10 14:19:42 +0000 2017,433122,@218012 Thanks for bringing this to our attention. Click here to meet us in DM. We'll pick up there. https://t.co/GDrqU22YpT,Tue Oct 10 15:56:31 +0000 2017,2,False,False,True,False,False,2,https | applesupport https | applesupport | 115858 https | 115858 applesupport https
1640865,"1640865,1640864,1640863",501638,@AppleSupport imma need y’all to fix this glitch😤 | @AppleSupport Anytime I️ write I️ that’s what I️ see. https://t.co/0vwLoJv70R | @AppleSupport  https://t.co/Drdt7P8jNS,Sun Nov 05 21:13:17 +0000 2017,"1640866,1640862",@501638 Thanks for reaching out. We have a workaround for this here: https://t.co/xXaXeeSRt9 DM us if you still need help. https://t.co/GDrqU22YpT | @501638 We're happy to help. Can you tell us more about what you're seeing?,Mon Nov 06 01:26:00 +0000 2017,5,False,False,True,False,False,2,https | applesupport https | applesupport | 115858 https | 115858 applesupport https
1982674,1982674,586871,@AppleSupport what is this?? https://t.co/s0PaVe80uB,Wed Nov 01 20:13:10 +0000 2017,1982673,@586871 Let's look into this together. Send us a DM with the device you're experiencing this on. We'll meet you there. https://t.co/GDrqU22YpT,Wed Nov 01 20:55:32 +0000 2017,2,False,False,True,False,False,2,https | applesupport https | applesupport | 115858 https | 115858 applesupport https
1237977,1237977,410385,"@115858 last night my iphone6 32GB(bought 1month ago)home screen touch stopped working,hanged,worst experience, embarrassing,need improvement https://t.co/eYmo3sWzvR",Mon Oct 16 02:07:04 +0000 2017,1237976,@410385 We would like to help. Go ahead and DM us some more details about this and we can work together. https://t.co/GDrqU22YpT,Mon Oct 16 02:14:00 +0000 2017,2,False,False,True,False,False,2,https | applesupport https | applesupport | 115858 https | 115858 applesupport https
1577412,1577412,485880,@AppleSupport https://t.co/WnJLKPRzaH i've been trying this site since 6 am. and nothing. :( still no reservations available,Sat Nov 04 14:08:59 +0000 2017,1577411,@485880 We'd like to take a closer look at this issue with you. Please DM us more about what's happening. https://t.co/GDrqU22YpT,Sat Nov 04 18:34:56 +0000 2017,2,False,False,True,False,False,2,https | applesupport https | applesupport | 115858 https | 115858 applesupport https
2105961,2105961,621563,@115858 I’m not understanding why I keep getting this message @AppleSupport https://t.co/1uR1ozlEha,Wed Nov 08 03:48:33 +0000 2017,2105960,@621563 We're here to help. DM us and we'll get started. https://t.co/GDrqU22YpT,Wed Nov 08 13:28:36 +0000 2017,2,False,False,True,False,False,2,https | applesupport https | applesupport | 115858 https | 115858 applesupport https
1087422,1087422,139508,@AppleSupport  having issues https://t.co/ePjGJdKD1a,Sun Oct 15 02:04:41 +0000 2017,1087421,@139508 Thank you for reaching out. We are here to help. DM us your current iOS version. https://t.co/GDrqU22YpT,Sun Oct 15 03:05:00 +0000 2017,2,False,False,True,False,False,2,https | applesupport https | applesupport | 115858 https | 115858 applesupport https
2177206,2177206,638142,@AppleSupport real or fake? It definitely wasn't me that purchased this but unsure if it is a scam email. https://t.co/mSmr4Jcp7S,Thu Nov 09 12:04:11 +0000 2017,2177205,@638142 This would be a phishing attempt. You can read more on that here: https://t.co/6Ye6EtSytB,Thu Nov 09 15:55:29 +0000 2017,2,False,False,False,False,False,2,https | applesupport https | applesupport | 115858 https | 115858 applesupport https
2020968,2020968,597677,Seriously @115858 what is this? Cc @AppleSupport https://t.co/MzZUSqXOJ2,Mon Nov 06 00:20:26 +0000 2017,2020967,@597677 Here’s what you can do to work around the issue until it’s fixed in a future software update: https://t.co/xXaXeeSRt9 https://t.co/GDrqU22YpT,Mon Nov 06 01:54:00 +0000 2017,2,False,False,False,False,False,2,https | applesupport https | applesupport | 115858 https | 115858 applesupport https
2140961,2140961,629581,@AppleSupport PLEEEEASEEEEEEE https://t.co/zJwHpumOXS,Wed Nov 08 22:24:50 +0000 2017,2140960,@629581 Here’s what you can do to work around the issue until it’s fixed in a future software update: https://t.co/xXaXeeSRt9 https://t.co/GDrqU22YpT,Wed Nov 08 22:48:01 +0000 2017,2,False,False,False,False,False,2,https | applesupport https | applesupport | 115858 https | 115858 applesupport https
2295065,"2295065,2295064",666421,@AppleSupport Why has this icon replaced “I️” in the suggestion bar??? https://t.co/lZzNT2wJqH | @AppleSupport Thank you very much. You guys rock!!!,Sat Nov 11 23:05:29 +0000 2017,2295063,"@666421 Let's help get this sorted. An update has been released to assist with this issue. If you haven’t yet, please back up your device and update it to iOS 11.1.1. For more info, check out: https://t.co/4f8hwT5to6",Sun Nov 12 00:17:28 +0000 2017,3,False,False,False,False,False,2,https | applesupport https | applesupport | 115858 https | 115858 applesupport https
2013997,2013997,213905,@AppleSupport why is this happening?! https://t.co/mFkdnslLHg,Sun Nov 05 08:49:24 +0000 2017,2013996,@213905 Thanks for reaching out. We have a workaround for this here: https://t.co/xXaXeeSRt9 and DM us if you still need help. https://t.co/GDrqU22YpT,Sun Nov 05 17:23:00 +0000 2017,2,False,False,True,False,False,2,https | applesupport https | applesupport | 115858 https | 115858 applesupport https
428712,428712,216967,Has anyone else experienced this problem? #iOS11 renders gray images distorted or places a wrong image @115858 #Cordova v7.0.1 #iOS https://t.co/TYNhfCGUI1,Tue Oct 10 06:51:10 +0000 2017,428711,@216967 Is it just happening in this one app? Let us know in Direct Message and we'll help out. https://t.co/GDrqU22YpT,Tue Oct 10 13:50:32 +0000 2017,2,False,False,True,False,False,2,https | applesupport https | applesupport | 115858 https | 115858 applesupport https
2911722,2911722,806035,WHAT. IS. THIS. @AppleSupport @85534 https://t.co/fpKPxeyN69,Tue Nov 28 21:43:06 +0000 2017,2911721,"@806035 Let's find out what's going on. Has the device been restarted since the icon showed up?  If not, let's do that using these steps: https://t.co/OWRDHWSt4h",Tue Nov 28 22:12:27 +0000 2017,2,False,False,False,False,False,2,https | applesupport https | applesupport | 115858 https | 115858 applesupport https
323434,323434,193023,@AppleSupport some random reply in my iMessage that neither person sent. #securityflaw #ios11 https://t.co/j7z4ndhbcI,Sat Oct 07 07:31:52 +0000 2017,323433,@193023 This is unusual. Let's connect in DM to look into this further. We'll do all we can to help: https://t.co/GDrqU22YpT,Sat Oct 07 14:35:00 +0000 2017,2,False,False,True,False,False,2,https | applesupport https | applesupport | 115858 https | 115858 applesupport https
2121543,"2121543,2121542",625055,@AppleSupport Still getting mail account error on my 365 account on iPhone 7 Plus - every iOS 11 version so far has had it | @AppleSupport  https://t.co/uv8rwWdqcP,Wed Nov 08 09:41:35 +0000 2017,"2121541,2121544","@625055 We're here to get you back to getting your important mail. What's the error message you are receiving? | @625055 Let's start with these steps here since they describe your issue: https://t.co/Jpr0POLgCg If you still have trouble, please DM us. https://t.co/GDrqU22YpT",Wed Nov 08 15:47:32 +0000 2017,4,False,False,True,False,False,2,https | applesupport https | applesupport | 115858 https | 115858 applesupport https
589519,589519,231164,Bro… WHY DOES THIS HAPPEN?! I’m not even using iCloud Music. @AppleSupport https://t.co/GqzIHtchea,Sun Dec 03 14:48:52 +0000 2017,589518,@231164 We are here for you. Let's take a look at this further for you. Reach out to us in DM. https://t.co/GDrqU22YpT,Sun Dec 03 16:26:00 +0000 2017,2,False,False,True,False,False,2,https | applesupport https | applesupport | 115858 https | 115858 applesupport https
1716578,1716578,519813,@AppleSupport why does this keep happening to my Beats studio wireless? I’ve already had them replaced once for the same issue. https://t.co/4muj15ZLcx,Mon Nov 06 23:23:20 +0000 2017,1716577,@519813 We'd like to look into this with you. Meet us in DM and let us know which country you're located in. https://t.co/GDrqU22YpT,Tue Nov 07 00:14:29 +0000 2017,2,False,False,True,False,False,2,https | applesupport https | applesupport | 115858 https | 115858 applesupport https
1996241,1996241,163014,@AppleSupport The bug I encountered. https://t.co/dJQmNNG7d5,Fri Nov 03 10:04:10 +0000 2017,1996240,"@163014 We’d like to learn more about this. Which device and version of iOS are you using? Check Settings &gt; General &gt; About, then DM us. https://t.co/GDrqU22YpT",Fri Nov 03 15:58:00 +0000 2017,2,False,False,True,False,False,2,https | applesupport https | applesupport | 115858 https | 115858 applesupport https
1593927,1593927,489849,why does this keep happening? @AppleSupport @115858 https://t.co/lHfKiOAABs,Sat Nov 04 21:47:05 +0000 2017,1593926,@489849 We see what you mean. We've recently released an article to help with these issues. Follow this: https://t.co/sDSg93LaFu,Sun Nov 05 01:50:00 +0000 2017,2,False,False,False,False,False,2,https | applesupport https | applesupport | 115858 https | 115858 applesupport https
236805,236805,172393,"@AppleSupport Hello, I'm getting this error when trying to access https://t.co/bMM7LKuqf5! https://t.co/6pweOKDWYF",Thu Oct 05 09:47:24 +0000 2017,236804,@172393 Please DM us additional details. We'll be standing by. https://t.co/GDrqU22YpT,Thu Oct 05 14:22:28 +0000 2017,2,False,False,True,False,False,2,https | applesupport https | applesupport | 115858 https | 115858 applesupport https
1635755,1635755,500349,"@AppleSupport I've noticed an issue with the two-factor auth, the located area is 280 miles away and button language is different to German. https://t.co/MYBFUHGFKC",Sun Nov 05 18:15:40 +0000 2017,1635754,@500349 We'd like to help. Let's meet in DM. https://t.co/GDrqU22YpT,Sun Nov 05 21:23:29 +0000 2017,2,False,False,True,False,False,2,https | applesupport https | applesupport | 115858 https | 115858 applesupport https
596931,596931,261510,@AppleSupport Why does my iPad keep doing this 😭 https://t.co/dgTwrAU0Lr,Sun Dec 03 18:32:30 +0000 2017,596930,"@261510 This behavior certainly makes it difficult to go about your day on your iPad, and we’d love to team up with you. To begin, tell us in DM which iOS version is installed on your device. https://t.co/GDrqU22YpT",Sun Dec 03 19:14:00 +0000 2017,2,False,False,True,False,False,2,https | applesupport https | applesupport | 115858 https | 115858 applesupport https
356122,356122,200556,"Technology uh? It knows where you are, where you want to be. Sends you to random place. @AppleSupport hey kids, never trust the satnav. https://t.co/JgcJpdYiEz",Sun Oct 08 07:02:58 +0000 2017,356121,"@200556 Thanks for reaching out! To report a problem with Maps, follow the steps near the bottom of this link: https://t.co/jiMIBQw7go",Sun Oct 08 14:41:33 +0000 2017,2,False,False,False,False,False,2,https | applesupport https | applesupport | 115858 https | 115858 applesupport https
2307575,"2307575,2307576",669398,"@AppleSupport Please I need to know if anyone else have battery draining issues after upgraded to ios 11. I bought my iphone 8 and i dont know if the problem is the phone or ios... | Please i need your help. I have an i phone 8 plus and i m having problems regarding to the frozen screen , turn off with out suddenly and now it off not working at all. i restore 2 times the software ios 11 with the update it one but no change @669398 @AppleSupport",Mon Nov 13 00:27:12 +0000 2017,"2307574,2321237","@669398 We'd like to look into this with you. DM us details of the battery issues you're having with your iPhone 8 and we'll work with you on resolving the issues you're having. https://t.co/GDrqU22YpT | @672668 We'd love to help you with your iPhone 8+. Since support options vary by location, please DM us which country you're in and well get started. https://t.co/GDrqU22YpT",Mon Nov 13 01:16:00 +0000 2017,4,False,False,True,False,False,3,ios | 11 | ios 11 | applesupport ios | applesupport ios 11
1475387,"1475386,1475387,1475385",462504,"@AppleSupport I need quick reply... Still problem persists | My iPhone 7 dead after updating to iOS 11.1What the fuck is this @115858 @116333 https://t.co/TiJFFEG8qG | @AppleSupport Okey",Fri Nov 03 09:39:43 +0000 2017,"1475388,1475384",@462504 We've received your DM and will continue with you there. Look for a reply from us shortly. | @462504 We'd love to take a closer look at your iPhone. DM us and we'll get started. https://t.co/GDrqU22YpT,Fri Nov 03 15:53:54 +0000 2017,5,False,False,True,False,False,3,ios | 11 | ios 11 | applesupport ios | applesupport ios 11
665747,665747,278584,Something really bad is going on within @115858. Updated to iOS 11.1.1 on iPad Mini 2 and all my books in iBooks dissapeared. Cuatomer experience is the leas they care. Battery issues and now this.,Sat Nov 11 17:46:25 +0000 2017,665746,@278584 Thank you for reaching out to us. We'd be happy to look into this with you. Let's start by having you check to see if your iBook purchases have been hidden. This article will guide you through how to check: https://t.co/jjLUETEY0J,Sat Nov 11 20:42:29 +0000 2017,2,False,False,False,False,False,3,ios | 11 | ios 11 | applesupport ios | applesupport ios 11
1701923,"1701923,1701922",516014,ios 11 is the worst!!!! fix it!!!! @115858 | @AppleSupport my alarm didn’t go off lmao,Mon Nov 06 15:38:35 +0000 2017,"1701921,1701924",@516014 We want to help make sure you upgrade goes smoothly. Could you give us a little detail as to the issues you are experiencing? | @516014 Let us know in a DM what model phone you're using and the exact iOS version installed on your phone ( Settings &gt; General &gt; About). https://t.co/GDrqU22YpT,Mon Nov 06 17:55:34 +0000 2017,4,False,False,True,False,False,3,ios | 11 | ios 11 | applesupport ios | applesupport ios 11
1365562,"1930399,2420770,1365561,1365571,1365570,1365560,1930400,1365565,1365621,1365576,1365581,1365590,1365624,1365625,1365611,1365619,1365585,1394513,1376088,1376087,1365567,1930401,1392466,1365639,1365607,1930407,1367645,1367646",574435,"@AppleSupport I don’t need to restart coz it’s dead everytime I’m not in the office, home or driving. And NO, it doesn’t help | @AppleSupport @695381 Why are you behaving like the devices we’re complaining about? We said 11.0.3, what didn’t you get???? | @AppleSupport Hi! Is it possible to buy apple care+ if I buy the phone in Denmark but I live in Sweden? | @AppleSupport Ios11 on iPhone 6S .... what the fuck ??? @AppleSupport my Phone is dead ... RIP IPhone | @AppleSupport Except if you want to sign up for Apple upgrade plan. Then you just get a vague message and a dropped order. I'm upset. | @AppleSupport @156477 🍎 don’t care more like it - Apple 🍎 update is causing issues on iPhones ... rubbish technical support 🍎🍎👎🍎🍎🍎👎🍎🍎🍎🍎👎🍎🍎🍎🍎👎🍎🍎🍎🍎👎🍎🍎🍎🍎👎🍎🍎🍎🍎👎👎👎👎👎🍎👎 | @AppleSupport @574435 Same.

No reason the average consumer should have to be trying to fix our phones because of your software updates. | @AppleSupport Ever since I updated to ios11 my phone has been glitching like crazy. It’s worse when I restart it. How do I fix it | @AppleSupport MY 6+ WAS WORKING FINE BE4 iOS 11 series!!! I WANT MY DAYUM PHONE BACK THE WAY IT WAS OR I WANT ANOTHER 6+ REPLACED FREE! SUING YOUR AZZES! | @AppleSupport What i need is to fix the unresponsive, slowness and battery drain fron your 11.X... #bringback103 | @AppleSupport I cannot access my email after updating iOS11😪 | @AppleSupport WTF ; iphone really sucks.. trying to show how to dispose, disgusting; first fix #error56 #iphone dead updating #ios 11 | @AppleSupport You’re prepping for upgrades when the phones you already have in rotation are working like sh*t with this crappy new upgrade. Get it 2gether | @AppleSupport iOS 11.0.3 has killed my phone, freezes MOST &amp; I mean MOST of the time, &amp; battery life is out the window, it’s permanently on life support!! | @AppleSupport How can I scan my iPhone 7 for viruses if any ? | @AppleSupport I am starting to hate iphone , there are so many glitches , apps go missing apps  sometimes becomes invisible when i open my lock screen. | @AppleSupport I lost my password and how will I ever get my password back | @AppleSupport Can't some one reply as it s very urgent | @AppleSupport I FKIN DOUBT A DM WILL HELP! BE CLEAR TO YO 🍎CUSTOMERS WITH APPLE PHONES AND STOP RIPPIN US OFF! OFF BEAT REPAIR SHOP WILLING TO ASSIST ME! | @AppleSupport I WANT MY CAMERA PART I WAS DENIED TO BUY AFTER I WAITED FOR IT TO COME IN!! | @AppleSupport Fix the call issue! Every time I call someone they can’t hear me! I know it’s ios 11 because my iPhone SE and iPhone 8 have the same issue! | @574435 @AppleSupport I too @78108 terrible battery performance issues with ios 11. Wish i had stayed on 10.3.3. All my devices. Iphone SE, 6s plus and ipad pro | @AppleSupport Thanks so to be virus free all the updates in App Store needs to be frequently updated | @AppleSupport How about you fix your software first | @AppleSupport 1-There is a problem with the latest update 11.0.3 The device suddenly hangs on the | @AppleSupport stop acting @AppleSupport; i already DMed several times, but u guy distancing ur self... | @AppleSupport @438378 You cannot help since you don’t have a solution... shut shop Apple... give us a refund and let us use more reliable brands who have no probs https://t.co/smTxZ3WoRy | @AppleSupport @438378 Apple support, you should be ashamed. Very very ashamed. You cannot fix your own problems",Fri Nov 03 14:30:57 +0000 2017,"1365562,1365559,1367644,1936409,1943239,1376086,1938249,1938435,1930406,1930410,1930398,1392465,1930567,1394512,1932179,2420769,2465701,1712540","Planning to upgrade your iPhone? Here's how to get it ready for recycling with Apple Renew.
Learn more https://t.co/eapHJSgiLZ https://t.co/NqdmLHp5Ex | @156477 Great question! That is definitely a possibility. Check out the details for purchasing here: https://t.co/brpZQUaYqu | @438378 We'd love to help with your iPhone. To start, please send us a DM. https://t.co/GDrqU22YpT | @431928 Thanks for reaching out. Could you let us know in which country you are located via a DM? We’ll move from there. https://t.co/GDrqU22YpT | @577771 We'd like to take a closer look via DM. What is your exact iOS version? What kind of issues are you experiencing? https://t.co/GDrqU22YpT | @229541 We’d like to understand more about this situation. Please DM us some details and we’ll take it from there. https://t.co/GDrqU22YpT | @576565 Thanks for reaching out to us, we'd like to help. Please send us a DM with more details, and we'll get started. https://t.co/GDrqU22YpT | @253841 Thanks for reaching out, we'd like to help. Let's start by reviewing the steps outlined here: https://t.co/WwfwQ8YCt4 DM results. https://t.co/GDrqU2kzhr | @370404 We're happy to help however we can. Please DM us a bit more detail about what's going on and we'll go from there. https://t.co/GDrqU22YpT | @574440 We'd love to assist you with any issues that you're having. Please click here to join us in DM. We'll pick up there: https://t.co/GDrqU22YpT | @574435 Let's get your iPhone working as you expect. Is it unresponsive when using apps? Does restarting help? DM us your response. https://t.co/GDrqU22YpT | @443864 We're glad to assist here. Your best course will be to keep your iPhone secure will be to stay current on iOS updates. | @267168 That's not the type of experience that we'd like for you to have with your phone. Click here to meet us in DM. https://t.co/GDrqU22YpT | @444304 We've received your DM. Please look for a reply from us there. | @574982 We'd like to help! Please check out https://t.co/rDJwu6CX24 for troubleshooting steps. Still having an issue? DM us. https://t.co/GDrqU22YpT | @695381 That should not be happening. Let us help. Tell us which iOS version you're using in DM. https://t.co/GDrqU22YpT | @705598 We can dive into these issues together to find the right solution. Send us a DM to get started. https://t.co/GDrqU22YpT | @518714 Thanks for reaching out. Let's take a look into this in DM. Use this link to get started: https://t.co/GDrqU22YpT",Fri Oct 27 19:51:55 +0000 2017,46,False,False,True,False,False,3,ios | 11 | ios 11 | applesupport ios | applesupport ios 11
1805647,1805647,417856,My phone battery is ruined @AppleSupport iOS 11 sucks,Sun Oct 15 15:28:29 +0000 2017,1805646,@417856 We'd be glad to look into this with you. Send us a DM letting us know which iPhone you're using and we'll work from there: https://t.co/GDrqU22YpT,Sun Oct 15 15:55:30 +0000 2017,2,False,False,True,False,False,3,ios | 11 | ios 11 | applesupport ios | applesupport ios 11
654393,"654393,654392",214078,Wow. This iOS 11 is a battery zapper on the iPad. Just awful. 🤭 @115858 @AppleSupport. 20% lost in min. | @AppleSupport The only thing I changed was updating to 11.1.2. Then everything started to drop.,Wed Nov 22 21:53:08 +0000 2017,"654391,654394","@214078 We're glad to assist in making sure you get the most out of your iPad's battery life. Is the iPad up to date with iOS 11.1.2? Have you made sure to maximize all the settings for battery life? Check out how to do that here: https://t.co/bivpdfBNJ6 | @214078 OK, understood. Are there any updates pending in the App Store? Let us know in DM: https://t.co/GDrqU22YpT",Wed Nov 22 22:21:51 +0000 2017,4,False,False,True,False,False,3,ios | 11 | ios 11 | applesupport ios | applesupport ios 11
52287,52287,127761,Desde que actualice a iOS 11 mi iPhone se volvió lento. Me recuerda a los viejos Samsung! Que está pasando? @119460 @AppleSupport,Wed Nov 01 17:54:58 +0000 2017,52286,@127761  We offer support via Twitter in English. Get help in Spanish here: https://t.co/IBIY3vMgPj or join https://t.co/OczyRx7IOs,Wed Nov 01 18:20:30 +0000 2017,2,False,False,False,False,False,3,ios | 11 | ios 11 | applesupport ios | applesupport ios 11
1442847,1442847,454782,.@AppleSupport My battery on my iPhone 5s seems to be dying faster after the iOS 11 update. Any suggestions?,Mon Oct 16 19:05:34 +0000 2017,1442846,@454782 We are here to help. DM us your exact iOS version and we can help out with this. https://t.co/GDrqU22YpT,Mon Oct 16 19:08:01 +0000 2017,2,False,False,True,False,False,3,ios | 11 | ios 11 | applesupport ios | applesupport ios 11
309269,"309269,309267",189853,@AppleSupport @116333 what the hell apple ?what kind of update you released?ios 11.0.2 always keep restarting on my iphone 6 so many time😑 | @AppleSupport yes... especially on whatsapp..also when battery goes to 67 percent it just keep restarting it self...,Fri Oct 06 16:37:15 +0000 2017,"309268,309266","@189853 We'll be happy to look into what's causing the restart. Does the restart happen when using a specific app or feature? | @189853 We'd like to look into this in greater detail, so let's meet over in Direct Message. https://t.co/GDrqU22YpT",Fri Oct 06 19:44:28 +0000 2017,4,False,False,True,False,False,3,ios | 11 | ios 11 | applesupport ios | applesupport ios 11
1655572,"1655572,1655571",505240,"For some reason, I can’t see all the new emojis. Whenever they’re used I see “?” and ▫️. HELP. @115858 https://t.co/kVEHksJZRo | @AppleSupport iPhone 8 (brand new) and iOS 11.1 !",Mon Nov 06 01:49:37 +0000 2017,"1655570,1655573","@505240 Rest assured, we're glad to look into this with you! Which device and software version are you using? | @505240 Let’s team up in DM and we’ll do our best to assist you. https://t.co/GDrqU22YpT",Mon Nov 06 03:21:00 +0000 2017,4,False,False,True,False,False,3,ios | 11 | ios 11 | applesupport ios | applesupport ios 11
413786,"413786,413785,413788",213739,"Glitch in ios 11 😥😥😥
@115858 @116333 @32496 #iPhone6s https://t.co/cgX6DQsCVR | @AppleSupport I'm using iPhone 6s
ios 11.0.2 | @AppleSupport It's fixed 😍
Thanks a lot @AppleSupport  @115858 
No oem in the world can match ur crown https://t.co/TqGdRxiYQu",Fri Oct 06 15:05:17 +0000 2017,"413784,413787",@213739 We'd like to look into that. Send us a DM &amp; tell us what device you're using &amp; which version of iOS 11 you have installed. https://t.co/GDrqU22YpT | @213739 What happens if you restart like this? https://t.co/OWRDHWSt4h,Fri Oct 06 15:16:00 +0000 2017,5,False,False,True,False,False,3,ios | 11 | ios 11 | applesupport ios | applesupport ios 11
2053393,2053393,607275,"@AppleSupport iOS 11.0.2 is horrid. Freezing, crashes, phone’s running slower than ever... pls fix this ASAP",Fri Oct 06 01:33:02 +0000 2017,2053392,@607275 We've got your back! Which iPhone are you using? And how long ago did you install the update? DM us the answers. Thanks https://t.co/GDrqU22YpT,Fri Oct 06 02:52:27 +0000 2017,2,False,False,True,False,False,3,ios | 11 | ios 11 | applesupport ios | applesupport ios 11
2427292,"2427292,2427291,2427294",696958,"@AppleSupport @115858 When are you going to sort out iOS 11.11 from freezing iphone during use. Mega irritating! 😡 | @AppleSupport Installed within last week. Every app, every screen | @AppleSupport @696958 It’s happening to me too, ios 11 ruins my iphone 6 plus it process everything super slow!",Tue Nov 14 19:39:10 +0000 2017,"2427290,2427293,2427295","@696958 We'd love to sort this out for you. What apps does this happen with? About how long ago did you install the latest iOS update? | @696958 Which device is this happening in? Reply in DM so we can gather some more info. | @696959 We've got your back. When you have a moment, send us over a DM. Let us know if you have iOS 11.1.1 installed, please. https://t.co/GDrqU22YpT",Tue Nov 14 20:03:00 +0000 2017,6,False,False,True,False,False,3,ios | 11 | ios 11 | applesupport ios | applesupport ios 11
2686635,2686635,755505,"Meu celular reinicia sozinho e a tela trava constantemente, não consigo atualizar o iOS e agora minha app store ta bloqueada??? @AppleSupport",Sun Nov 19 05:33:42 +0000 2017,2686634,"@755505 Since our Twitter support is available in English, get help at https://t.co/IBIY3vMgPj or join https://t.co/pvaOFfPbjt",Sun Nov 19 13:51:28 +0000 2017,2,False,False,False,False,False,3,ios | 11 | ios 11 | applesupport ios | applesupport ios 11
1228770,1228770,408268,@AppleSupport I upgrded to iOS 11.0.3 &amp; lost functionality &amp; speed. Experiencing serious lag &amp; freezing. Can I use the old iOS or get a fix?,Wed Oct 25 19:52:39 +0000 2017,1228769,@408268 Thanks for reaching out. We're here to help. DM us so we can look into this further with you. https://t.co/GDrqU22YpT,Wed Oct 25 20:18:27 +0000 2017,2,False,False,True,False,False,3,ios | 11 | ios 11 | applesupport ios | applesupport ios 11
1340763,"1340763,1340762",432718,"@AppleSupport SVP faites quelque chose depuis votre iOS 11 mon iPhone ne fonctionne plus du tout normalement, réagissez | @AppleSupport @432718 Je suis morte de rire putain tu crois ils vont faire quoi ma puce ?",Fri Oct 27 11:48:15 +0000 2017,1340761,@432718 We offer support via Twitter in English. Contact us for help in your preferred language here: https://t.co/IBIY3vMgPj,Fri Oct 27 15:44:00 +0000 2017,3,False,False,False,False,False,3,ios | 11 | ios 11 | applesupport ios | applesupport ios 11
1852464,1852464,554390,"hey, @AppleSupport I’m done with my phone being fucked after updating to ios 11 :-))))",Thu Oct 19 01:40:18 +0000 2017,1852463,@554390 We'd like to hear more about what's happened to your iPhone since you've updated to iOS 11. Send us a DM to begin. https://t.co/GDrqU22YpT,Thu Oct 19 01:58:34 +0000 2017,2,False,False,True,False,False,3,ios | 11 | ios 11 | applesupport ios | applesupport ios 11
876358,"876358,876356",328061,@AppleSupport I’m having issues with my alarm not going off. I have the lastest up date but since switching to iOS 11 they don’t work | @AppleSupport Yes I have,Fri Oct 20 03:05:38 +0000 2017,"876357,876355",@328061 We're happy to help out. Have you updated to iOS 11.0.3? | @328061 Got it. We're going to need some room to dig in on this issue. Can you join us in DM? https://t.co/GDrqU22YpT,Fri Oct 20 12:21:00 +0000 2017,4,False,False,True,False,False,3,ios | 11 | ios 11 | applesupport ios | applesupport ios 11
2057067,2057067,608383,"Iphone SE freezes and Serious connectivity issues i.e Surfing, browsing, using apps on ios 11.0. 2.@AppleSupport",Fri Oct 06 19:58:49 +0000 2017,2057066,"@608383 We'd be happy to look this over with you. Please meet us in DM so we may gather information, and better assist. https://t.co/GDrqU22YpT",Fri Oct 06 22:28:55 +0000 2017,2,False,False,True,False,False,3,ios | 11 | ios 11 | applesupport ios | applesupport ios 11
323445,323445,193027,Too much bugs in iOS 11. Is it an alpha version ? @115858,Sat Oct 07 07:40:18 +0000 2017,323444,"@193027 Let's work together. To start, have you updated to iOS 11.0.2? Please send your answer in a DM. https://t.co/GDrqU22YpT",Sat Oct 07 14:32:00 +0000 2017,2,False,False,True,False,False,3,ios | 11 | ios 11 | applesupport ios | applesupport ios 11
620106,"620113,620106,620105,620109,620108,620111",267180,"@AppleSupport Thanks for the assistance. Will do that and update you if the problem persists. | @AppleSupport I have found a display bug in iOS 11 where the portrait orientation lock doesn’t always work when its enabled. Where would I report it and what info do you require in the report? | @AppleSupport iOS 11.1.1 on iPhone 7 Plus | @AppleSupport It happens when I open an app like Twitter then pressing the home button and swiping to the screen on the right on my home. This causes my screen to go into landscape mode when I have portrait mode locked. | @AppleSupport Its hard to reproduce sometimes, for the most part it works as intended but there are edge cases which I cannot say about 100% how to reproduce. It does however happen sometimes when I hold my phone at a 45/90deg angle as far I noticed but not all the time. | @AppleSupport Its hard to say. I have restarted at times when it happens and then it goes away but it always comes back again at a random point. This is the closest to anything I have encountered to give some pointer to how to reproduce it",Thu Nov 23 15:19:20 +0000 2017,"620104,620107,620110,620112","@267180 That's definitely not expected, but we're glad to assist. So we can help with the right steps, what specific device and iOS version is this issue occurring on? | @267180 Do you notice any patterns to the behavior? For example, does this occur when you receive a notification from a specific app, or during a certain time of day? | @267180 That's good to know. Does it persist after any restarts or resets? We ask prior to recommending steps that you've already tested prior to reaching out. | @267180 We appreciate your attention to detail. Let's get this iPhone up-to-date with iOS 11.1.2 and then update your apps in the App Store &gt; Updates. Just remember to back up any important data first: https://t.co/4f8hwT5to6 Send us a DM if this issue persists after updating. https://t.co/GDrqU22YpT",Wed Nov 22 17:17:51 +0000 2017,10,False,False,True,False,False,3,ios | 11 | ios 11 | applesupport ios | applesupport ios 11
876339,"876339,876338",328058,Bro I swear my phone freezes like 10-11 times a day since upgrading to iOS 11. @115858 please fix this fuckery. | @AppleSupport iPhone 7 and iOS 11.0.3. Please give me a way to downgrade my shit back to iOS 10.,Fri Oct 20 17:38:04 +0000 2017,"876337,876340",@328058 We'd be happy to see what's going on. Which iPhone and iOS 11 version are you using? | @328058 Let's meet up in DM to work on this more closely. https://t.co/GDrqU22YpT,Fri Oct 20 18:35:40 +0000 2017,4,False,False,True,False,False,3,ios | 11 | ios 11 | applesupport ios | applesupport ios 11
1630138,"1630138,1630137",498945,"My phone is acting up 😑 overheating, no notification sounds or banner, freezing up, &amp; acting very slow @AppleSupport #iPhone6 | @AppleSupport Model iPhone 6
Ios version 11.2 beta software program",Sun Nov 05 16:23:51 +0000 2017,"1630136,1630139",@498945 We can help you with these issues. Which model of device and iOS version are you using? | @498945 Go ahead and DM us. We'll continue from there. https://t.co/GDrqU22YpT,Sun Nov 05 19:40:44 +0000 2017,4,False,False,True,False,False,3,ios | 11 | ios 11 | applesupport ios | applesupport ios 11
356148,"356147,356148",200564,@AppleSupport Not helpful actually 😔 | @AppleSupport  why my phone says iOS 11.0.2 update requested but not any thing happens?? #helpme,Mon Oct 09 17:43:53 +0000 2017,"356149,356146",@200564 What happened when you completed those steps? Let us know as many details as you can via DM. https://t.co/GDrqU22YpT | @200564 We’d like to help get your update completed. Let’s see if the steps from this page can help: https://t.co/Ui1yTnOCUz,Mon Oct 09 18:52:01 +0000 2017,4,False,False,True,False,False,3,ios | 11 | ios 11 | applesupport ios | applesupport ios 11
847080,847080,321315,"@AppleSupport your shitty ios 11 updates fucked my phone up, wont even turn on lmfao",Fri Oct 20 11:33:52 +0000 2017,847079,@321315 We would be glad to take a look at this. We've got your DM and you can expect a reply from us there.,Fri Oct 20 14:38:29 +0000 2017,2,False,False,True,False,False,3,ios | 11 | ios 11 | applesupport ios | applesupport ios 11
1566033,1566033,483407,"@AppleSupport hi, every time I turn off the WiFi in my iOS 11 device it takes only a few minutes until it reconnects without my permission.",Sat Nov 04 07:05:21 +0000 2017,1566032,@483407 We got you covered. Check out how Wi-Fi &amp; Bluetooth work with Control Center in this article: https://t.co/G7BHuQFeJE,Sat Nov 04 15:36:01 +0000 2017,2,False,False,False,False,False,3,ios | 11 | ios 11 | applesupport ios | applesupport ios 11
1073830,1073830,244319,"@AppleSupport Well done, iOS 11 has completely ruined my battery. If you think I’m going to buy another iPhone you’re sorely mistaken 😡😡",Mon Oct 23 16:10:24 +0000 2017,1073829,@244319 Battery life is essential; we'll do all we can to help. Connect with us in DM to get started: https://t.co/GDrqU22YpT,Mon Oct 23 16:33:00 +0000 2017,2,False,False,True,False,False,3,ios | 11 | ios 11 | applesupport ios | applesupport ios 11
2615253,2615253,739250,"Question-I updated to iOS 11.1 but why am I still not seeing the ""I""s? @AppleSupport",Fri Nov 17 05:40:46 +0000 2017,2615252,"@739250 Let's help with that! Are you personally experiencing the autocorrect issue with the letter i when you type in messages or other apps? Or, are you seeing the letter i issue when you are reading messages from other people? Are you using iOS 11.1, or iOS 11.1.1?",Fri Nov 17 14:07:27 +0000 2017,2,False,False,False,False,False,3,ios | 11 | ios 11 | applesupport ios | applesupport ios 11
1886395,1886395,562624,@AppleSupport An only iPhone user since 2009 first time Im planning to switch. #iOS 11.0.3 sucks beyond belief. Blackouts and crashes.,Mon Oct 23 03:11:21 +0000 2017,1886394,@562624 We don't like to hear that your iPhone is having trouble! Let's look into what's going on and chat over in Direct Message. https://t.co/GDrqU22YpT,Mon Oct 23 12:18:28 +0000 2017,2,False,False,True,False,False,3,ios | 11 | ios 11 | applesupport ios | applesupport ios 11
2146653,2146653,631033,@115858 so iOS 11 just randomly deleted most of the events on my calendar...... it’s fine i’m fine everything is fine i’m not going to have a mental breakdown or anything it’s cool,Wed Nov 08 20:28:40 +0000 2017,2146652,@631033 We'd be happy to look into this with you more in detail.  Please reach out to us via DM and we'll get started. https://t.co/GDrqU22YpT,Wed Nov 08 20:48:30 +0000 2017,2,False,False,True,False,False,3,ios | 11 | ios 11 | applesupport ios | applesupport ios 11
947830,"947830,947829,947832",344778,"I’m having LOTS of trouble with my iPhone 5S and iOs 11. It turns off every hour, and it’s so slow every time I do anything. @AppleSupport | @AppleSupport 11.0.3 | @AppleSupport @344778 My son's is horrid now worked great on iOS 10 11nope.. this is Apple's way or forcing people to upgrade",Sat Oct 21 16:52:53 +0000 2017,"947828,947831","@344778 We want to look into this with you. If you go to Settings &gt; General &gt; About &gt; Version, which iOS 11 version are you using? | @344778 Thank you. Does the issue happen with certain apps or at random? Send us a DM response and we'll continue there. https://t.co/GDrqU22YpT",Sat Oct 21 19:33:29 +0000 2017,5,False,False,True,False,False,3,ios | 11 | ios 11 | applesupport ios | applesupport ios 11
520269,520269,240076,Why did I update to iOS 11? My phone keeps doing this every 2 mins rn 🤦🏻‍♀️ @115858 https://t.co/cvbnAUYqKx,Sat Dec 02 01:51:29 +0000 2017,520268,@240076 Let's look into this together. DM us your country to continue. https://t.co/GDrqU2kzhr,Sat Dec 02 02:49:55 +0000 2017,2,False,False,True,False,False,3,ios | 11 | ios 11 | applesupport ios | applesupport ios 11
1083945,1083945,375681,@AppleSupport @115858 @118936  My iphone charge is going with 10.3.3 firmware 1 day but new update 11.0.3 only half day going why ?,Mon Oct 23 17:37:17 +0000 2017,1083944,@375681 We're here to help. Let's take this to DM so we can better assist you. https://t.co/GDrqU22YpT,Mon Oct 23 17:53:30 +0000 2017,2,False,False,True,False,False,4,update | new | new update | ios update | new ios
1962110,1962110,581846,What @115858 with #iphone6? I turned wi-fi off but I have to go to settings &amp; turn off. I’d ask for update but then texting won’t work. 😡 https://t.co/VI49Pe6Dac,Mon Oct 30 23:29:07 +0000 2017,1962109,"@581846 We're here to help. The buttons for Bluetooth and Wi-Fi in Control Center are only disconnect options, not disable. https://t.co/GDrqU22YpT",Mon Oct 30 23:34:56 +0000 2017,2,False,False,False,False,False,4,update | new | new update | ios update | new ios
2192616,2192616,641748,All this @AppleSupport update has done is break my phone! Won't even switch on :(,Sun Nov 05 19:23:10 +0000 2017,2192615,@641748 We'd like to help you get your device back up and running. Can you DM us the device you're using? https://t.co/GDrqU22YpT,Sun Nov 05 22:06:59 +0000 2017,2,False,False,True,False,False,4,update | new | new update | ios update | new ios
1772841,1772841,532828,So @115858 when is the software update to cure this crap I️ I️ I️,Wed Nov 08 02:12:25 +0000 2017,1772840,@532828 Here’s what you can do to work around the issue until it’s fixed in a future software update: https://t.co/xXaXeeSRt9,Wed Nov 08 02:27:30 +0000 2017,2,False,False,False,False,False,4,update | new | new update | ios update | new ios
1065806,1065806,371637,@AppleSupport @115858 new iOS is deleting my contacts and worse not allowing me to resave...,Mon Oct 23 12:41:04 +0000 2017,1065805,@371637 We can help out. What device are you currently using?,Mon Oct 23 14:42:02 +0000 2017,2,False,False,False,False,False,4,update | new | new update | ios update | new ios
1627163,"1627163,1627162",453858,What is going on when I️ try to type I️ @AppleSupport halp https://t.co/NwOJXDM6EG | @AppleSupport Why do I️ have to set up a text replacement for one letter when it’s your software update that broke it? How about you just fix it?,Sun Nov 05 03:52:14 +0000 2017,1627161,@453858 We'd like to help! Let's try the steps outlined in this article: https://t.co/xXaXeeSRt9,Sun Nov 05 15:13:00 +0000 2017,3,False,False,False,False,False,4,update | new | new update | ios update | new ios
2143307,2143307,630147,"@AppleSupport please look into this glitch since the recent update. It’s appearing on text msg when I️ type “Im”. 

Thanks, 

iPhone User https://t.co/oGDlaQtCno",Wed Nov 08 21:09:14 +0000 2017,2143306,@630147 Here’s what you can do to work around the issue until it’s fixed in a future software update: https://t.co/xXaXeeSRt9,Wed Nov 08 23:27:00 +0000 2017,2,False,False,False,False,False,4,update | new | new update | ios update | new ios
1748076,"1748076,1748075,1748078",446892,"Despite having “use mobile data” switched off, App Store has just burned my mobile data to update apps
@AppleSupport https://t.co/c5ICp0gr2w | @AppleSupport 11.0.3 (15A432) first time I’ve noticed it! | @AppleSupport No because of my apps are due for an update, it updated 6 of them over 3G",Tue Nov 07 11:53:24 +0000 2017,"1748074,1748077,1748079","@446892 We're here to help! What iOS version is currently installed? Has this behavior ever occurred before? | @446892 Since first experiencing this behavior, do you know if it's occurred a second time? | @446892  You can stop your apps from downloading updates automatically. Check this out: https://t.co/2oRvemLiMD",Tue Nov 07 16:03:34 +0000 2017,6,False,False,False,False,False,4,update | new | new update | ios update | new ios
1433714,1433714,452885,@115858 The new IOS 11 update sucks! My phone have stopped working since then. Not a good strategy so close to a launch. HATE IT !!!,Thu Nov 02 06:14:31 +0000 2017,1433713,"@452885 Hey, what's going on with your iPhone? DM us the details and we'll help you out. https://t.co/GDrqU22YpT",Thu Nov 02 13:37:28 +0000 2017,2,False,False,True,False,False,4,update | new | new update | ios update | new ios
1913649,1913649,570020,"@115858 Your update sux. freezes every other day. spotify does not show up in lock screen. countless probs, SMHH. make me get a android",Wed Oct 25 19:25:48 +0000 2017,1913648,"@570020 We'd be happy to look into these issues with you. Send us a DM, and let us know which device you're using. https://t.co/GDrqU22YpT",Wed Oct 25 20:06:29 +0000 2017,2,False,False,True,False,False,4,update | new | new update | ios update | new ios
2000961,2000961,591674,Fr this new @115858 update has fried my phone,Fri Nov 03 15:12:24 +0000 2017,2000960,@591674 Let's look into this for you. Send us a DM with more details about what you are experiencing to get started. https://t.co/GDrqU22YpT,Fri Nov 03 20:07:31 +0000 2017,2,False,False,True,False,False,4,update | new | new update | ios update | new ios
2300368,2300368,318374,"Thank you, @115858 for the new iPhone update. My phone has turned blank and restarted itself seven times since updating. Also, it can’t find a signal. But at least the “I” is fixed?!",Sun Nov 12 11:51:00 +0000 2017,2300367,@318374 We can understand needing a reliable phone. Let us help you with yours! DM us your exact iOS version and any troubleshooting you've already completed. We'll continue from there. https://t.co/GDrqU22YpT,Sun Nov 12 16:54:30 +0000 2017,2,False,False,True,False,False,4,update | new | new update | ios update | new ios
1934248,1934248,575541,"@AppleSupport is it just me, or are there issues with iTunes the last few days?  Mine keeps freezing up...  No update available.",Sun Oct 29 03:03:50 +0000 2017,1934247,@575541 Let's work on that together. Is this still happening after a restart? Send us a reply in DM using the link below: https://t.co/GDrqU22YpT,Sun Oct 29 03:14:25 +0000 2017,2,False,False,True,False,False,4,update | new | new update | ios update | new ios
2177392,2177392,638210,@AppleSupport any update on XCUIElementTypeText field? i am unable to input string in mobile app automation using appium.,Thu Nov 09 10:08:37 +0000 2017,2177391,@638210 We'll be happy to look into this with you. Please DM us more details and if you reached out to the app developer about this issue at all. We'll go from there. https://t.co/GDrqU22YpT,Thu Nov 09 15:29:29 +0000 2017,2,False,False,True,False,False,4,update | new | new update | ios update | new ios
2375275,2375275,685161,@115858 why do you require an update to payment info to download a free app??,Tue Nov 14 02:10:48 +0000 2017,2375274,"@685161 Even if it isn't being used for payment, your information helps tie you to your account for verification purposes, so it's important to keep it updated. If you have issues with specific payment methods, we advise contacting iTunes Store Support: https://t.co/YZKYT7KOTB",Tue Nov 14 02:26:55 +0000 2017,2,False,False,False,False,False,4,update | new | new update | ios update | new ios
594628,594628,260878,"My alarm didn’t go off and now ima be late to work, worst update ever. @AppleSupport",Sun Dec 03 17:54:28 +0000 2017,594627,@260878 We'd like to help. Send us a DM and we can start there. https://t.co/GDrqU22YpT,Sun Dec 03 18:38:30 +0000 2017,2,False,False,True,False,False,4,update | new | new update | ios update | new ios
2817857,2817857,785474,I really love how @115858 forces you to update your phone but if you have an older version of the iPhone it completely screws it up and glitches at normal tasks!!!!,Mon Nov 27 04:04:43 +0000 2017,2817856,"@785474 We know how important it is for your iPhone to work perfectly. DM us, and tell us a little more about what's going on. We'll look into this. https://t.co/GDrqU22YpT",Mon Nov 27 04:19:00 +0000 2017,2,False,False,True,False,False,4,update | new | new update | ios update | new ios
2492343,2492343,711533,@AppleSupport Small spelling error on your update trusted phone number screen. Uptate rather than update :) https://t.co/YfAsOa2Evj,Wed Nov 15 17:25:16 +0000 2017,2492342,@711533 We'd like to look into this. Send us a DM with a few more details. https://t.co/GDrqU22YpT,Wed Nov 15 18:00:15 +0000 2017,2,False,False,True,False,False,4,update | new | new update | ios update | new ios
1444441,1444441,455186,@AppleSupport Anyone else experiencing this issue with the new iOS update?,Thu Nov 02 13:33:26 +0000 2017,1444440,@455186 Thanks for reaching out! We’d be happy to look into this with you. DM us your iOS version to proceed. https://t.co/GDrqU22YpT,Thu Nov 02 15:42:34 +0000 2017,2,False,False,True,False,False,4,update | new | new update | ios update | new ios
2769450,2769450,774286,New #iPhoneX is missing the Lightning-to-headphone adapter ... and @AppleSupport won't just send me a new one 😡 It's a $2 part!,Fri Nov 10 03:55:04 +0000 2017,2769449,"@774286 We understand your desire for us to make things right. We aren't sure how we came to that conclusion; but we're happy to have a look. Please reach out to us in DM with any case number you may have. If no case number, then just provide your Apple ID email. https://t.co/GDrqU22YpT",Fri Nov 10 05:17:29 +0000 2017,2,False,False,True,False,False,4,update | new | new update | ios update | new ios
2058618,2058618,201079,"@AppleSupport Since latest iPhone update, my 4G hasn’t worked in 3 1/2 days. @ATT &amp;  @117735 hasn’t figured it out.",Sat Oct 07 02:00:26 +0000 2017,2058617,@201079 Thank you for reaching out! Let's have you use the Control Center to toggle Airplane mode on &amp; off. Please DM the results. https://t.co/GDrqU22YpT,Sat Oct 07 04:41:00 +0000 2017,2,False,False,True,False,False,4,update | new | new update | ios update | new ios
1052181,1052181,367990,@AppleSupport @AppleSupport and before you suggest restarting and updating apps Iv already done all that! It’s the update that’s the problem!! 😡,Sat Oct 14 20:24:46 +0000 2017,1052180,@367990 We’d like to understand more about this situation. Please DM us and we can begin from there. https://t.co/GDrqU22YpT,Sat Oct 14 20:42:29 +0000 2017,2,False,False,True,False,False,4,update | new | new update | ios update | new ios
654797,654797,275765,. @AppleSupport 2 things: 1-my visual vm will no longer play since last update 2- search doesn’t find my contacts as it used to. I have to go into contacts. What is the fix?,Thu Nov 30 18:58:35 +0000 2017,654796,"@275765 We'd be happy to look into what's going on with your visual voicemail and searching for contacts. So we know what we're working with, can you tell us which iPhone and iOS version you're using? You can find the version by going to Settings &gt; General &gt; About &gt; Version.",Thu Nov 30 19:12:27 +0000 2017,2,False,False,False,False,False,4,update | new | new update | ios update | new ios
1551379,1551379,480071,"@AppleSupport New IOS update for iPhone, are others reporting weird issues with their ""I"" button autocorrect.  Mine corrects to a square?",Fri Nov 03 23:27:29 +0000 2017,1551378,@480071 We can help with this. Try the steps outlined here: https://t.co/xU1AGHStV6 Still need help? DM us. https://t.co/GDrqU22YpT,Sat Nov 04 03:30:54 +0000 2017,2,False,False,True,False,False,4,update | new | new update | ios update | new ios
1762150,"1762150,1762149",308781,@328675 @115858 @AppleSupport And the update I️ did last night didn’t work!!  🤬 but this new emoji is just in time | @AppleSupport That doesn’t work either!  Some apps still do the ?,Tue Nov 07 19:04:21 +0000 2017,"1762148,1762151",@308781 Here’s what you can do to work around the issue until it’s fixed in a future software update: https://t.co/xXaXeeSRt9 | @308781 Got it. Send us a DM and let us know which device this is happening on. https://t.co/GDrqU22YpT,Tue Nov 07 20:40:01 +0000 2017,4,False,False,True,False,False,4,update | new | new update | ios update | new ios
746061,746061,298349,"@AppleSupport the update sucks, can’t pause podcasts or spoilt with earphones anymore, what the hell ste ye doing",Wed Oct 11 15:38:41 +0000 2017,746060,@298349 We'll help. Please send us a DM. https://t.co/GDrqU22YpT,Wed Oct 11 16:40:47 +0000 2017,2,False,False,True,False,False,4,update | new | new update | ios update | new ios
693691,693691,285396,My phone has had nothing but problems since updating to the new IOS @AppleSupport #iphone #problems #update,Thu Oct 05 20:35:49 +0000 2017,693690,@285396 We'd love to help out. What kind of issues are you having since the update?,Thu Oct 05 21:48:25 +0000 2017,2,False,False,False,False,False,4,update | new | new update | ios update | new ios
1786270,1786270,536668,Yo @115858 why did my whole iMusic library disappear with the new update?,Wed Oct 11 14:32:29 +0000 2017,1786269,@536668 Hey there. We're here for you. DM us and we'd be happy to help with getting your music library back on your device. https://t.co/GDrqU22YpT,Wed Oct 11 15:39:01 +0000 2017,2,False,False,True,False,False,4,update | new | new update | ios update | new ios
2078119,2078119,124304,"@115858 @AppleSupport 

Since the new update 11.2 my phone is crashing, freezin, apps not working..can you please sort his out! #appleupdate",Mon Oct 09 12:45:09 +0000 2017,2078118,"@124304 We want you to be able to enjoy your iPhone with friends and family; we'll do all we can to help. To start, connect with us in DM: https://t.co/GDrqU22YpT",Mon Oct 09 15:20:34 +0000 2017,2,False,False,True,False,False,4,update | new | new update | ios update | new ios
1883001,1883001,489380,@115858 every software update makes my phone progressively slower and it’s making me want to throw it against a wall,Mon Oct 23 01:16:55 +0000 2017,1883000,"@489380 We certainly do not want that, we want you to love your iPhone. Please allow us to help. DM details, we'll meet you there. https://t.co/GDrqU22YpT",Mon Oct 23 01:49:00 +0000 2017,2,False,False,True,False,False,4,update | new | new update | ios update | new ios
596923,596923,261508,"the new SIERRA update on IOS is kinda upsetting , @AppleSupport  , my MacPro is somewhat glitching now !! 
not to mention that the new update caused both my IPAD and iPhone to run slow :(",Sun Dec 03 18:33:51 +0000 2017,596922,"@261508 We'd be happy to look into this with you!  To start, can you tell us more about the behavior you're experiencing on your Mac?  Also, what macOS version are you currently on?",Sun Dec 03 19:15:01 +0000 2017,2,False,False,False,False,False,4,update | new | new update | ios update | new ios
1967160,1967160,225313,@115858 this new update sucks. Who else is having this issue too? Make it stop 🙈😭 #apple #ios11 #fail https://t.co/qacTKsHgsM,Tue Oct 31 05:52:47 +0000 2017,1967159,@225313 We can see how this would be concerning! Let's work together. Please send us a DM including when you updated to iOS 11.0.3. https://t.co/GDrqU22YpT,Tue Oct 31 13:01:00 +0000 2017,2,False,False,True,False,False,4,update | new | new update | ios update | new ios
1386393,1386393,442608,This last update messed my phone up and deleted all of my music. Thanks @115858.,Mon Oct 16 15:14:53 +0000 2017,1386392,"@442608 We'd like to see how we can help. To get started, DM us more information. We'll meet you there. https://t.co/GDrqU22YpT",Mon Oct 16 15:28:39 +0000 2017,2,False,False,True,False,False,4,update | new | new update | ios update | new ios
2945710,"2945710,2945709",813667,"@115858 ever since I updated my phone, there has been so many glitches. FIX THIS NOW | @AppleSupport Ever since I updated phone, my apps freeze and then I have to close the apps and re-open them again. I don’t understand what is going on",Wed Nov 29 13:17:24 +0000 2017,"2945708,2945711",@813667 What type of behaviors are you experiencing since updating? We'd love to see how we can help and get your iPhone running as expected again. Provide us some more details. | @813667 Getting the performance you expect from your iPhone is very important to us and we'll do all we can to work towards a resolution. Select the following link to join us in a DM and let us know the iOS version and if this happens with pre-installed apps as well. https://t.co/GDrqU22YpT,Wed Nov 29 15:31:30 +0000 2017,4,False,False,True,False,False,5,phone | updated | applesupport phone | updated phone | freezing
1524141,1524141,233430,yo @AppleSupport why does my phone keep glitching and emojis not work since the newest update 😤,Fri Nov 03 16:35:32 +0000 2017,1524140,@233430 We know how important it is to be able to rely on your iPhone. Can you DM us what's happening exactly? https://t.co/GDrqU22YpT,Fri Nov 03 21:21:00 +0000 2017,2,False,False,True,False,False,5,phone | updated | applesupport phone | updated phone | freezing
1956135,1956135,580542,My phone just went from 40 percent to 17 percent to 3 percent in 5 minutes. HMU @115858 THANKS FOR BEING HORRIBLE,Mon Oct 30 16:56:53 +0000 2017,1956134,@580542 Definitely not what we want you to experience. We'd love to help. Please DM us and let us know which model of iPhone you're using. https://t.co/GDrqU22YpT,Mon Oct 30 17:01:28 +0000 2017,2,False,False,True,False,False,5,phone | updated | applesupport phone | updated phone | freezing
1947049,1947049,578590,@115858 my phone hasn’t worked properly since the last upgrade. Very frustrating.,Mon Oct 30 06:35:27 +0000 2017,1947048,@578590 We'd like to know more. Please send us a DM with more details about what you're experiencing. We'll pick back up there. https://t.co/GDrqU22YpT,Mon Oct 30 12:55:00 +0000 2017,2,False,False,True,False,False,5,phone | updated | applesupport phone | updated phone | freezing
2237314,"2237312,2237311,2237309,2237314",652415,"@AppleSupport @652414 The latest version crashed my phone and I have not been able to get Apple to replace or fix the problem, the GENIUIS's demand and iemi number which of course can't be gotten from the phone becuase it has crashed, but they keep insisting that they must have it.  Six phone calls | @652415 @AppleSupport So far, no problem with the update but I understand your frustration. Also, if my memory is right, the IMEI can also be found on the box of the phone and on the invoice | @AppleSupport Well, hum, after a day with the latest version, there is not much progress. Unplugged the phone at 9 AM, it is now 4:30 PM https://t.co/YpURUCwaQZ | Hey @AppleSupport, is my battery life normal on my iPhone 7, 128GB, iOS 11.0.3 ? I unplugged it this morning around 7:05 AM and it was 6:20 PM when I took the screenshot (1% left) https://t.co/LMm9PbioYy",Fri Nov 10 00:58:44 +0000 2017,"2237310,2237308,2237313","@652414 We're glad to hear it, let us know if you need anything else. | @652414 No worries there, we can certainly dig in to this further together. Send us a DM and we will proceed from there. https://t.co/GDrqU22YpT | @652414 Let's get the battery issue straightened out for your phone. If you're currently on iOS 11.0.3, we'd like to first backup your data and update to the latest version of iOS 11.1.1. That way we can rule that out a possible cause of the issue you're experiencing.",Fri Nov 10 15:30:38 +0000 2017,7,False,False,True,False,False,5,phone | updated | applesupport phone | updated phone | freezing
2966633,2966633,818428,WTFFFF my phone literally went from 85% to 54% to 37% in under 30 minutes explain yourselves @115858,Wed Nov 29 22:33:35 +0000 2017,2966632,@818428 We'd like to look into this with you. DM us using the link below. https://t.co/GDrqU22YpT,Wed Nov 29 22:55:34 +0000 2017,2,False,False,True,False,False,5,phone | updated | applesupport phone | updated phone | freezing
2298999,"2298999,2298998",667322,"Fix this stupid ass update. My phone keeps crashing. @115858 | @AppleSupport Oh man, I haven’t thought of that. Of course I updated it.",Sun Nov 12 07:51:32 +0000 2017,"2298997,2299000","@667322 We are here to help you with this. Which iOS are you running? Have you updated to iOS 11.1.1 yet? If not, we recommend that and then checking to see if your issue persists: https://t.co/80YRnjDFDk | @667322 Got it. Now that you've updated, are you still experiencing the issue? If you are, DM us. We'll look into this deeper. https://t.co/GDrqU22YpT",Sun Nov 12 15:15:30 +0000 2017,4,False,False,True,False,False,5,phone | updated | applesupport phone | updated phone | freezing
1951506,1951506,579562,@115858 every time my phone 6S restarts after updating the new iOS it starts randomly giving notifications on 3 month old iMessages. Pls fix,Sun Oct 29 13:44:54 +0000 2017,1951505,@579562 We'd like to look into this with you! Join us in DM with details about the alert style you have set up for Messages notifications. https://t.co/GDrqU22YpT,Sun Oct 29 14:53:00 +0000 2017,2,False,False,True,False,False,5,phone | updated | applesupport phone | updated phone | freezing
324311,"324311,324310",193260,"@115858 this software update has ruined my phone completely. Fix this now. 

I would have tweeted this earlier but my phone wasnt working... | @AppleSupport You know this, the latest software update has damaged many phones. My phone's touchscreen freezes up now.",Sat Oct 07 09:23:04 +0000 2017,"324309,324312","@193260 Let’s get your iPhone back to normal. Give us some details on the behavior you're noticing, and we’ll get started. | @193260 Thanks for that info. Go ahead and reach out to us in DM and we'll continue there. https://t.co/GDrqU22YpT",Sat Oct 07 15:04:00 +0000 2017,4,False,False,True,False,False,5,phone | updated | applesupport phone | updated phone | freezing
2493842,2493842,711881,I need a new phone this is getting out of hand! My phone crashes at least 3 times a day @AppleSupport,Wed Nov 15 18:08:56 +0000 2017,2493841,@711881 We want to help. Send us a DM and let us know more about what you are experiencing. https://t.co/GDrqU22YpT,Wed Nov 15 18:36:00 +0000 2017,2,False,False,True,False,False,5,phone | updated | applesupport phone | updated phone | freezing
2271822,2271822,660930,Shoot hope those pictures show up. My phone @115858 phone is broken AGAIN! Just got the six replaced and day after my 5 broke. Ugghhh.,Thu Oct 19 17:04:04 +0000 2017,2271821,@660930 DM us with more details and we'll be happy to help out. https://t.co/GDrqU22YpT,Thu Oct 19 18:41:24 +0000 2017,2,False,False,True,False,False,5,phone | updated | applesupport phone | updated phone | freezing
1065216,1065216,371492,@115858 new phone comes out and all sudden after update my phone runs like shit everytime over past 6 years. Coincidence much🤔,Sat Oct 14 22:27:06 +0000 2017,1065215,@371492 We want to make sure your iPhone is working as it should. Send us a DM with the details of what you're experiencing.,Sat Oct 14 22:36:00 +0000 2017,2,False,False,True,False,False,5,phone | updated | applesupport phone | updated phone | freezing
2032500,2032500,570333,I am freaking out! All of my pictures on my phone are gone!!! HOW?!! @AppleSupport 😡,Tue Nov 07 07:59:36 +0000 2017,2032499,@570333 We can assist you with this. Please DM us via the following link and let us know which device model you are using. https://t.co/GDrqU22YpT,Tue Nov 07 15:46:01 +0000 2017,2,False,False,True,False,False,5,phone | updated | applesupport phone | updated phone | freezing
2271752,2271752,209429,My phone is actin shitty and now my charger is too @115858 you win got dammit!!!! 🙄🙄,Mon Nov 20 20:23:36 +0000 2017,2271751,@209429 You're in the right place. Let's get things set right for you. Can you please tell us more about what's happening? You can reach us in DM at the link below. https://t.co/GDrqU22YpT,Mon Nov 20 20:30:01 +0000 2017,2,False,False,True,False,False,5,phone | updated | applesupport phone | updated phone | freezing
2385130,2385130,687439,@115858 I finally updated my phone and everything looks super weird now...#whydoesthewordmessagestakeuphalfthescreen #iphoneupdate #iOS11,Sat Nov 25 15:35:09 +0000 2017,2385129,@687439 We're happy to look into this with you so you're able to enjoy the new features offered in iOS 11. Please meet us in DM and we'll get started right away. https://t.co/GDrqU22YpT,Sat Nov 25 15:53:00 +0000 2017,2,False,False,True,False,False,5,phone | updated | applesupport phone | updated phone | freezing
2942121,2942121,812860,Idk why but when I charge my phone 📲 it gets super hot @AppleSupport,Wed Nov 29 06:58:48 +0000 2017,2942120,@812860 We definitely can understand your concern with your iPhone becoming hot when charging. Let's get this figured out. Are you using the Apple brand Lightning to USB cable and power adapter? Please DM us. https://t.co/GDrqU22YpT,Wed Nov 29 14:10:00 +0000 2017,2,False,False,True,False,False,5,phone | updated | applesupport phone | updated phone | freezing
1846277,1846277,553013,@115858 I filled out a form for my warranty on my phone case through @181575 months ago like you suggested and no one has responded😐,Thu Oct 19 18:29:41 +0000 2017,1846276,@553013 We'd like to get some more details on what's going on to best assist you with this. Let's meet in DM to talk. https://t.co/GDrqU22YpT,Thu Oct 19 18:51:39 +0000 2017,2,False,False,True,False,False,5,phone | updated | applesupport phone | updated phone | freezing
1823342,1823342,547359,@AppleSupport IOS crashed. Phone reps @ 1-844-977-5111 wholly incapable and incompetent to handle customer inquiries. ALL HINDU!,Sun Oct 15 19:50:36 +0000 2017,1823341,@547359 We appreciate you reaching out. That isn’t one of our support numbers. Let us know more details in DM. We'll move from there. https://t.co/GDrqU22YpT,Sun Oct 15 20:16:31 +0000 2017,2,False,False,True,False,False,5,phone | updated | applesupport phone | updated phone | freezing
1641271,1641271,501758,@115858 @AppleSupport good job on the update! My phone is slow and keeps freezing... y’all used to be so great with the updates... 👎🏼👎🏼 https://t.co/7MlbQwaOcO,Sun Nov 05 21:36:59 +0000 2017,1641270,@501758 We'd love to work together on this with you. Join us in DM with additional information to get started: https://t.co/GDrqU22YpT,Mon Nov 06 00:06:00 +0000 2017,2,False,False,True,False,False,5,phone | updated | applesupport phone | updated phone | freezing
2503733,"2503735,2503733,2503732",711875,"@115858 @118721 I also have other albums/songs that I have bought but not downloaded yet I can play them fine,however,rep isn’t even in my library.I also have an iPad that is synced up to my phone,it is fully updated and rep isn’t on their either, so I don’t think it’s my phone. it’s my account. https://t.co/dyA93NM4n5 | Like seriously @115858 @118721 WHERE THE FUCK IS MY MUSIC!!! WHERES THE ALBUM #reputation https://t.co/Id42npm42m | @AppleSupport I went on iTunes and re downloaded it and it still isn’t in my library. I turned my phone off for 1 hour then back on again and still nothing.",Thu Nov 16 22:56:50 +0000 2017,"2583062,2503731,2503734","@711875 Have you tried this on Wi-Fi to see if this issue persists? If that does not work, send us a DM and we can pick up from there. https://t.co/GDrqU22YpT | @711875 We want to help. Can you tell us which steps you've tried so far? This way we won't have you do any steps over again. | @711875 Thanks for that information. Send us a DM with the iOS version your iPhone is running, and we'll continue from there. https://t.co/GDrqU22YpT",Thu Nov 16 23:42:00 +0000 2017,6,False,False,True,False,False,5,phone | updated | applesupport phone | updated phone | freezing
704457,"704453,704457,704454",288337,"@AppleSupport Updated phone and laptop, now getting this message https://t.co/hoEhTmiGjJ | I have iCloud set up on my phone so why can I still not set it on my laptop, this message comes up @AppleSupport https://t.co/rrz9iEbs5L | @AppleSupport Windows 10 and I only downloaded it. I tried to log in but it gave me the message saying my Apple ID had to be used on iOS, is that not my phone?",Sun Nov 26 17:52:48 +0000 2017,"704455,704456,704452","@288337 To make sure, which iPhone model do you have and what's the exact iOS version number installed?

Have you also tried a restart of both your iPhone and PC? | @288337 Let's take a look together as iCloud is a great feature to have, including on your Windows PC. Which version of Windows is it running?

Any steps tried so far since this started? | @288337 That's right and you also mentioned it's already set up and signed in on your iPhone. Have you tried a restart of both?

Also, are there any updates showing if you check for Windows updates?",Sun Nov 26 18:03:28 +0000 2017,6,False,False,False,False,False,5,phone | updated | applesupport phone | updated phone | freezing
514785,514785,238541,@115858 why did a green line pop up on my screen... only had the phone for 5days and already its mess up..  #greenlineofdeath,Fri Dec 01 23:44:31 +0000 2017,514784,@238541 That’s not the experience we’d like you to have. Can you start by letting us know more about the situation in DM? These details will help us determine where we need to get started. https://t.co/GDrqU22YpT,Sat Dec 02 00:24:24 +0000 2017,2,False,False,True,False,False,5,phone | updated | applesupport phone | updated phone | freezing
542406,"542406,542405",245890,"Fix your system already, @115858 !!! My phone's been restarting since idk when argh | @AppleSupport Hi, what if I updated my iOS before turning off all my notifications? Will that make a difference? My notifs are still turned off at the moment and it's working perfectly.",Sat Dec 02 07:21:10 +0000 2017,"542404,542408","@245890 We’d like to offer some guidance on this. Let’s make sure you have a backup, then follow the steps in this article, which includes updating to iOS version 11.2: https://t.co/osZOKKTalm

If you have any questions, let us know. | @245890 It would be best to follow the steps in the article, in the exact order we have.",Sat Dec 02 15:57:32 +0000 2017,4,False,False,False,False,False,5,phone | updated | applesupport phone | updated phone | freezing
1696027,1696027,514539,Apparently @115858's been charging me for apps that aren't even on my phone 😩,Fri Nov 03 23:05:02 +0000 2017,1696026,"@514539 Hey there. If you have unused subscriptions you'd like to cancel, check out these steps: https://t.co/YKDbvueXrq https://t.co/GDrqU22YpT",Sat Nov 04 03:11:28 +0000 2017,2,False,False,False,False,False,5,phone | updated | applesupport phone | updated phone | freezing
2557361,2557361,726045,@AppleSupport my phone is stuck at 100% until it dies? It fixed itself once but is now messed up again.,Thu Nov 16 14:42:20 +0000 2017,2557360,@726045 We’d like to figure out why this is happening with your iPhone. DM us and let us know what version of iOS you have installed. You can see the version by going to Settings &gt; General &gt; About on your iPhone. https://t.co/GDrqU22YpT,Thu Nov 16 16:24:32 +0000 2017,2,False,False,True,False,False,5,phone | updated | applesupport phone | updated phone | freezing
2456130,2456130,703566,I CAN'T BELIEVE THIS ALL MY MESSAGES WERE ERASED BECAUSE MY PHONE WASN'TUPDATED ENOUGH. SO I COULD HAVE THE SAME PROBLEM EVERYONE ELSE IS HAVING ALL MY MESSAGES Are GONE! Messages exchanged between my father and I just gone. The only messages I had left of him I'm so hurt @115858,Wed Nov 15 04:02:48 +0000 2017,2456129,@703566 We'd love to assist you. Does restarting the device bring any of the messages back? DM the answer below. https://t.co/GDrqU22YpT,Wed Nov 15 04:32:26 +0000 2017,2,False,False,True,False,False,5,phone | updated | applesupport phone | updated phone | freezing
1531314,"1531314,1531313",475059,"@AppleSupport I think my iPhone X is broken. What’s the fastest way to get a replacement unit in Germany without going to an Apple Store? https://t.co/Ity33y8Xue | @AppleSupport Thanks, I already talked to one person via chat and three people on the phone, they’re going to replace my phone now.",Fri Nov 03 15:24:05 +0000 2017,"1531315,1531312",@475059 Thanks for reaching out to us. We're happy to see how we can help. Can you send us a DM? We'll continue there. https://t.co/GDrqU22YpT | @475059 We'd like to look into the issues you're having with your iPhone X. Send us a DM to begin. https://t.co/GDrqU22YpT,Fri Nov 03 18:42:27 +0000 2017,4,False,False,True,False,False,5,phone | updated | applesupport phone | updated phone | freezing
1503985,1503985,469079,@AppleSupport @116333 when i did my factory setting after that my phone stuck in activation mode .. i tried many time but not support,Fri Nov 03 10:09:24 +0000 2017,1503984,"@469079 Having a reliable iPhone is important, and we’ll do everything we can to help. Did you use iTunes to restore your iPhone?",Fri Nov 03 16:10:30 +0000 2017,2,False,False,False,False,False,5,phone | updated | applesupport phone | updated phone | freezing
2815615,2815615,784962,Why is that my phone works perfectly fine and I update something and then starts being a piece of shit... @115858 or you release a new phone and then it magically starts freezing.,Mon Nov 27 02:53:08 +0000 2017,2815614,@784962 May we have a look at this with you?  Feel free to DM us exactly what behavior you're experiencing and what iOS version you're on and we'll go from there. https://t.co/GDrqU22YpT,Mon Nov 27 03:01:00 +0000 2017,2,False,False,True,False,False,5,phone | updated | applesupport phone | updated phone | freezing
1753292,1753292,528132,@528133 @528134 @AppleSupport I️ phone is spelled a lot differently now... thanks apple,Tue Nov 07 15:49:52 +0000 2017,1753291,@528132 Here’s what you can do to work around the issue until it’s fixed in a future software update: https://t.co/uQeXsrrlXJ,Tue Nov 07 18:47:27 +0000 2017,2,False,False,False,False,False,5,phone | updated | applesupport phone | updated phone | freezing
993350,"993350,993349,993348",355315,"@AppleSupport I updated my phone to the new iOS yesterday and it hasn't worked since, could you please investigate? Thank you | @AppleSupport My phone just keeps freezing and not responding and my battery goes from 100% to 20% within 2 mins, it all started when I updated yesterday | @AppleSupport Before it was working perfectly fine. I tried to turn it off and on again but it wouldn’t even respond to that",Sun Oct 22 13:54:29 +0000 2017,"993347,993351",@355315 We want to help you with the iPhone. Can you tell us what's happening so we can look into this with you? | @355315 Let's move to DM so we can gather some info and look into this with you further. Click the link when you are ready to begin. https://t.co/GDrqU22YpT,Sun Oct 22 15:52:41 +0000 2017,5,False,False,True,False,False,5,phone | updated | applesupport phone | updated phone | freezing
1592354,1592354,489460,@AppleSupport Why when i put in the pin to recover my account its telling me wrong phone number when its a pin? I waited 5 days now this???,Sat Nov 04 21:28:14 +0000 2017,1592353,@489460 We know you're anxious to get into your account. You'll want to work with our Apple ID experts here: https://t.co/UJm15vmMM2,Sun Nov 05 01:12:29 +0000 2017,2,False,False,False,False,False,5,phone | updated | applesupport phone | updated phone | freezing
1773383,1773383,532984,".@115858 ay quit fucking up my phone. i swea i'm good with my 7 for another year or 2. 

this sum bullshit. 😒",Wed Nov 08 02:34:01 +0000 2017,1773382,@532984 Let us know more in DM about the behavior you're experiencing and we'll go from there. https://t.co/GDrqU22YpT,Wed Nov 08 02:56:40 +0000 2017,2,False,False,True,False,False,5,phone | updated | applesupport phone | updated phone | freezing
174948,174948,157045,Why does my phone keep changing “it” to I.T .. get your shit together @115858 . I’m fed the fuck up,Fri Nov 24 23:29:42 +0000 2017,174947,@157045 That's not the experience we want you to have.  Send us a DM letting us know which country you are located in to get started. https://t.co/GDrqU22YpT,Fri Nov 24 23:46:57 +0000 2017,2,False,False,True,False,False,6,115858 | 115858 applesupport | shit | applesupport 115858 | wtf
720468,720468,198612,@292433 @292434 @115858 @AppleSupport Mine is just hot all over the entire back side. :( almost too hold to hold.,Mon Nov 06 00:56:35 +0000 2017,720467,"@198612 Let’s take a look at this together. Meet us over in DM with more details, and we’ll work with you there. https://t.co/GDrqU22YpT",Mon Nov 06 02:26:28 +0000 2017,2,False,False,True,False,False,6,115858 | 115858 applesupport | shit | applesupport 115858 | wtf
2812573,2812573,287679,"Not trying to throw anyone under a bus here but, I purchased both of these at the same time. this genuine $30 6 foot @115858 product broke after 6 months and the other knock off has felt more durable and less likely to break. Can we start combining durability with style??",Mon Nov 27 01:31:40 +0000 2017,2812572,"@287679 As all of our accessories have a one year limited warranty, we'd like to help any way we can. What exactly is the issue with your Apple branded cable and which one do you have?

Which country are you located within? Please DM us both details here: https://t.co/GDrqU22YpT",Mon Nov 27 01:41:31 +0000 2017,2,False,False,True,False,False,6,115858 | 115858 applesupport | shit | applesupport 115858 | wtf
2519411,2519411,717647,Corrections: but why do me keep having nose bleeds.... since @115858 can’t get their shit together. https://t.co/7iMvw1ILfQ,Wed Nov 15 23:50:04 +0000 2017,2519410,"@717647 An update has been released to assist with this issue. If you haven’t yet, please back up your device and update it to iOS 11.1.1. Check out: https://t.co/xU1AGHStV6 for more information.",Thu Nov 16 00:58:00 +0000 2017,2,False,False,False,False,False,6,115858 | 115858 applesupport | shit | applesupport 115858 | wtf
2736379,"2736379,2736377",766810,I DELETED EVERYTHING HOW IN THE SHITTTT IS MY DISK STILL FULL @115858 | @AppleSupport THE MACBOOK??!!?,Mon Nov 20 20:04:30 +0000 2017,"2736378,2736376","@766810 We'd like to help! Which device do you see a ""disc full"" error? We may have some tips to help continue to open up more storage space. | @766810 Thanks for clarifying. Check out this article on ways to both see what's taking up space, and how to clear it up: https://t.co/ubeCjp17WQ If you continue running into trouble, reach out to us in DM, and we'll take a closer look. https://t.co/GDrqU22YpT",Mon Nov 20 20:08:30 +0000 2017,4,False,False,True,False,False,6,115858 | 115858 applesupport | shit | applesupport 115858 | wtf
177805,177805,157880,Thanks @115858 @AppleSupport @115858 for making a 12 MONTHS freaking phone.. looks like I find my money at the garbage #howtoloseacostumer,Sat Nov 25 01:17:28 +0000 2017,177804,@157880 Let's look into this for you. Send us a DM with more details about what you are experiencing to get started. https://t.co/GDrqU22YpT,Sat Nov 25 01:23:30 +0000 2017,2,False,False,True,False,False,6,115858 | 115858 applesupport | shit | applesupport 115858 | wtf
1717453,1717453,520052,@115858 what’s up man? Got me looking stupid af in my tweets with this letter glitch.,Mon Nov 06 23:35:40 +0000 2017,1717452,@520052 Here’s what you can do to work around the issue until it’s fixed in a future software update: https://t.co/xXaXeeSRt9,Tue Nov 07 00:24:39 +0000 2017,2,False,False,False,False,False,6,115858 | 115858 applesupport | shit | applesupport 115858 | wtf
1595980,"1595980,1595979",490331,"If your #iPhone breaks down (still under warranty), is it normal for @115858 / @AppleSupport to have one go from store-to-store for repair? https://t.co/a3jLKreEch | @AppleSupport Going on day #22 with my @115858 #ilphone that doesn't work and that's still under warranty.  A device that just didn't want to turn on.",Sat Nov 04 18:27:07 +0000 2017,1595978,@490331 We'd like to gather some more details to see if we can help. Reach out to us via DM to get started. https://t.co/GDrqU22YpT,Sat Nov 04 22:12:57 +0000 2017,3,False,False,True,False,False,6,115858 | 115858 applesupport | shit | applesupport 115858 | wtf
2278809,2278809,662568,Fucking @115858 and this storage message . I just paid for more storage and you’re saying my iCloud storage is almost full but I’m payin for the 64G for what actually ?? I don’t even have 100 pics,Sat Nov 11 15:35:36 +0000 2017,2278808,@662568 We'd like to look into this with you. Let's meet up in DM to investigate: https://t.co/GDrqU22YpT,Sat Nov 11 19:09:31 +0000 2017,2,False,False,True,False,False,6,115858 | 115858 applesupport | shit | applesupport 115858 | wtf
1957173,1957173,580765,Dear @115858 and @AppleSupport since the update my phone his been complete ass. Do I just need to upgrade?,Mon Oct 30 18:10:54 +0000 2017,1957172,"@580765 We're happy to look into issues you've experienced since updating. DM us your model iPhone, the issue, &amp; iOS version installed. https://t.co/GDrqU22YpT",Mon Oct 30 18:16:00 +0000 2017,2,False,False,True,False,False,6,115858 | 115858 applesupport | shit | applesupport 115858 | wtf
2545584,2545584,543431,@115858 #imovie keeps crashing on my #macair and I’m needing to make something. What do I do?  Why are you updates always messing up but yet they cost so much?,Thu Nov 16 05:28:35 +0000 2017,2545583,@543431 We know how important it is to be able to use the apps on your Mac. Let us know which version of macOS you’re running in DM. We’ll take a closer look at this issue with you there! https://t.co/GDrqU22YpT,Thu Nov 16 13:58:00 +0000 2017,2,False,False,True,False,False,6,115858 | 115858 applesupport | shit | applesupport 115858 | wtf
451362,451362,222031,@AppleSupport da dopo l'aggiornamento di sicurezza di questa mattina il #MacBookAir è diventato un #ventilatore che scarica la #batteria in 2 ore... è un #disastro! @115858,Thu Nov 30 21:57:28 +0000 2017,451361,@222031 We offer support via Twitter in English. Contact us for help in your preferred language here: https://t.co/IBIY3vMgPj,Thu Nov 30 22:09:27 +0000 2017,2,False,False,False,False,False,6,115858 | 115858 applesupport | shit | applesupport 115858 | wtf
1557329,1557329,481394,@115858 kys what is this bullshit I️,Sat Nov 04 02:08:35 +0000 2017,1557328,@481394 Help is here. Try these steps out: https://t.co/xU1AGHStV6,Sat Nov 04 12:38:24 +0000 2017,2,False,False,False,False,False,6,115858 | 115858 applesupport | shit | applesupport 115858 | wtf
2817861,2817861,785476,If my phone vibrates one more time with no notification I’m going to go back to android.. okay that’s a lie but wtf @115858,Mon Nov 27 03:59:58 +0000 2017,2817860,@785476 We'd be happy to look into this with you. Send us a DM to get started. https://t.co/GDrqU22YpT,Mon Nov 27 04:18:00 +0000 2017,2,False,False,True,False,False,6,115858 | 115858 applesupport | shit | applesupport 115858 | wtf
589533,589533,259386,"@115858 &gt;&gt; Looking to buy a macbook air as a student &gt;&gt; unfortunately your toll free is been busy for 20 mins now 

suggest a best way to know few details &gt;&gt; pricing, student discount and more

Nearest Store &gt;&gt; Orion Mall Rajajinagar Bangalore",Sun Dec 03 15:15:17 +0000 2017,589532,@259386 Thanks for reaching out. Our sales team is best equipped to help you with this. To contact them please follow this link: https://t.co/8yjRd1Xo0i,Sun Dec 03 16:23:55 +0000 2017,2,False,False,False,False,False,6,115858 | 115858 applesupport | shit | applesupport 115858 | wtf
244223,244223,174011,"id just like to thank @115858 and ios11 for fucking my shit up completely, i really appreciate when my phone freezes every 3 seconds 👍🏼",Thu Oct 05 12:16:24 +0000 2017,244222,@174011 We want to help. Send us a DM and we'll go from there. https://t.co/GDrqU22YpT,Thu Oct 05 14:44:00 +0000 2017,2,False,False,True,False,False,6,115858 | 115858 applesupport | shit | applesupport 115858 | wtf
2665327,2665327,497647,"@115858 @AppleSupport Y’all make to much money to pretend y’all dont see this  “I️” , fix this annoying shit",Sun Nov 05 23:58:50 +0000 2017,2665326,@497647 Here’s what you can do to work around the issue until it’s fixed in a future software update: https://t.co/xXaXeeSRt9,Mon Nov 06 01:30:29 +0000 2017,2,False,False,False,False,False,6,115858 | 115858 applesupport | shit | applesupport 115858 | wtf
2492405,2492405,623448,"@115858 really wants us to all get the new generation of phones so bad, like literally as soon as the 8 came out my phone starting fucking up 🙄",Wed Nov 15 17:06:13 +0000 2017,2492404,"@623448 If you're running into issues with your iPhone, we'd like to help you out. Please tell us the exact issue(s) your experiencing. Also, please let us know what version of the iOS software you currently have installed.",Wed Nov 15 17:45:03 +0000 2017,2,False,False,False,False,False,6,115858 | 115858 applesupport | shit | applesupport 115858 | wtf
2543964,2543964,723174,My phone stays playing dead wtf @115858,Thu Nov 16 04:39:16 +0000 2017,2543963,@723174 We can help! Send us a DM with some more details to get started. https://t.co/GDrqU22YpT,Thu Nov 16 13:39:32 +0000 2017,2,False,False,True,False,False,6,115858 | 115858 applesupport | shit | applesupport 115858 | wtf
2623623,2623623,741179,Please @115858 @AppleSupport @116333 @123857 @119462 Repair the way @12228 show the released date app. Thank you https://t.co/JUjDyD5ZTs,Sun Oct 08 18:17:28 +0000 2017,2623622,@741179 We're happy to look into this with you. Send us a DM and we'll gather some information to get us started. https://t.co/GDrqU22YpT,Sun Oct 08 20:20:33 +0000 2017,2,False,False,True,False,False,6,115858 | 115858 applesupport | shit | applesupport 115858 | wtf
2853816,"2853816,2853814",793336,gettin real tired of my phone crashing and losing service for no reason @115858 | @AppleSupport 11.1.2,Mon Nov 27 20:23:07 +0000 2017,"2853815,2853813",@793336 We'd like to look into this with you. What is your current iOS version? You can find it at Settings &gt; General &gt; About. | @793336 Are you noticing these issues when using certain apps? Let us know in DM. https://t.co/GDrqU22YpT,Mon Nov 27 20:28:27 +0000 2017,4,False,False,True,False,False,6,115858 | 115858 applesupport | shit | applesupport 115858 | wtf
1539306,1539306,477142,@115858 @AppleSupport WHAT IS GOING ON WITH THE LETTER I️ 👈🏾”I”?? Is this being fixed with the update??,Fri Nov 03 21:39:12 +0000 2017,1539305,@477142 We're here to help you. DM us and tell us which device you have and the OS version you're running. https://t.co/GDrqU22YpT,Sat Nov 04 01:50:00 +0000 2017,2,False,False,True,False,False,6,115858 | 115858 applesupport | shit | applesupport 115858 | wtf
2152891,2152891,632602,Hey @115858 - get your I️ together!!!! #FIXTHISSHIT,Thu Nov 09 01:53:17 +0000 2017,2152890,@632602 Here’s what you can do to work around the issue until it’s fixed in a future software update: https://t.co/uQeXsrrlXJ,Thu Nov 09 02:04:00 +0000 2017,2,False,False,False,False,False,6,115858 | 115858 applesupport | shit | applesupport 115858 | wtf
2021435,"2021435,2021434",597830,This shit has been this most irritating thing I’ve ever experienced. @115858 https://t.co/sxWC2I9G9H | @AppleSupport Grammatically incorrect. Not cool.,Mon Nov 06 01:42:45 +0000 2017,2021433,@597830 Here’s what you can do to work around the issue until it’s fixed in a future software update: https://t.co/xXaXeeSRt9 https://t.co/GDrqU22YpT,Mon Nov 06 03:19:30 +0000 2017,3,False,False,False,False,False,6,115858 | 115858 applesupport | shit | applesupport 115858 | wtf
2807620,2807620,783021,Why da fuck am i still seeing boxes after i updated my shit bitch @115858,Wed Nov 22 03:50:22 +0000 2017,2807619,@783021 We're happy to help. Let's take a look at this further for you. Reach out to us in DM. https://t.co/GDrqU22YpT,Wed Nov 22 03:58:26 +0000 2017,2,False,False,True,False,False,6,115858 | 115858 applesupport | shit | applesupport 115858 | wtf
1640700,1640700,501582,I’m really tired of my “I️” being replaced with a ❔ like wtf @115858,Sun Nov 05 21:31:38 +0000 2017,1640699,@501582 Here’s what you can do to work around the issue until it’s fixed in a future software update: https://t.co/xXaXeeSRt9,Sun Nov 05 23:58:58 +0000 2017,2,False,False,False,False,False,6,115858 | 115858 applesupport | shit | applesupport 115858 | wtf
1790743,"1790743,1790742",537914,Maintaining a 100% charge is a challenge these days. Why @115858? | @AppleSupport Awd😮😮😮😮. Bout to slide in rn!,Thu Oct 12 21:13:38 +0000 2017,1790741,@537914 There are many factors which affect the battery life of your iPhone. Let's dig into this  together. Send us a DM with more details. https://t.co/GDrqU22YpT,Thu Oct 12 21:25:39 +0000 2017,3,False,False,True,False,False,6,115858 | 115858 applesupport | shit | applesupport 115858 | wtf
2139843,"2139843,2139842",629306,"What is the deal with the capital I️ bug, @115858? I️ am not amused. #iphonebug | @AppleSupport Because that’s convenient.",Wed Nov 08 22:15:53 +0000 2017,2139841,@629306 Here’s what you can do as a work around until it’s fixed in a future software update: https://t.co/qODbOsp4wz DM us any issues https://t.co/GDrqU22YpT,Wed Nov 08 22:31:37 +0000 2017,3,False,False,True,False,False,6,115858 | 115858 applesupport | shit | applesupport 115858 | wtf
1572304,1572304,484698,This whole I️ thing is so annoying @115858 wtf is up,Sat Nov 04 03:23:20 +0000 2017,1572303,@484698 We're happy to assist. Which iOS version are you currently running? Go to Settings &gt; General &gt; About for the version.,Sat Nov 04 13:53:26 +0000 2017,2,False,False,False,False,False,6,115858 | 115858 applesupport | shit | applesupport 115858 | wtf
2593064,"2593064,2593063,2593062,2593061,2593060,2593066",734352,"Why is it that I update my MacBook and then the whole thing runs as if it’s 1990?!? Wtf @115858 @AppleSupport ?? Why is this?? I want to get back to what it was pls | @AppleSupport Hi, well it’s the latest sierra version. And now everything is slow and requires several seconds of the rainbow circle before something happens. I have office on there: word doesn’t respond anymore and neither does powerpoint. I tried to shut down the computer....doesn’t work.... | @AppleSupport It won’t shut down....bizarre | @AppleSupport Now i just closed the lit. Opened it and now it won’s even start up anymore | @AppleSupport So extremely dissapointed in @115858 | @AppleSupport Tried it several times, can’t get into safe mode. I just type in my passw and then see a loading strip which does nothing....and that’s it",Sun Nov 26 20:37:40 +0000 2017,"2593059,2593065,2593067","@734352 We'd love to help with your MacBook. Please tell us all about the performance you're seeing. Is it occurring when using all apps or any one in particular? What's the exact version number of macOS installed? You can verify this under Apple menu () &gt; About this Mac. | @734352 What happens if you hold down the power button until your MacBook powers off, then start up in safe mode on the next startup? Let us know if the same performance occurs once safe mode is fully loaded. Here's a guide to help: https://t.co/yzqLZ7lfa4 | @734352 Are you receiving an error message when attempting to boot into Safe Mode, or are you still unable to power off your Mac computer? Meet us in a DM, we'll continue with this there. https://t.co/GDrqU22YpT",Sun Nov 26 20:43:52 +0000 2017,9,False,False,True,False,False,6,115858 | 115858 applesupport | shit | applesupport 115858 | wtf
1572320,1572320,375373,Ugh come on @115858 @AppleSupport wth is this crap?!? I just played this playlist yesterday! Where the hell did it go? https://t.co/lb4SmmW285,Sat Nov 04 03:30:32 +0000 2017,1572319,@375373 Let's take a look. Are you missing any other content in your Apple Music? Any recent device changes since noticing this?,Sat Nov 04 13:52:30 +0000 2017,2,False,False,False,False,False,6,115858 | 115858 applesupport | shit | applesupport 115858 | wtf
2371271,2371271,664879,Worst AppleCare experience ever. Thanks @AppleSupport  @115858,Mon Nov 13 23:56:00 +0000 2017,2371270,"@664879 This certainly isn't the experience that we want you to have. Please send us a DM with the details, and we'll investigate. https://t.co/GDrqU22YpT",Tue Nov 14 00:13:35 +0000 2017,2,False,False,True,False,False,6,115858 | 115858 applesupport | shit | applesupport 115858 | wtf
689401,"689401,689400",137148,"@284741 @115858 @AppleSupport Me compré el iPhone 8plus y el flash no funciona con el frío. Teniendo en cuenta que aún no hace frío aquí (hoy estamos a -3, pero llega a los -15/-20)me parece un gran error! Y lo mandé al SAT el viernes pasado, después de usarlo 5 días y sin respuesta aún. | @AppleSupport I can translate, my phone just arrived from your repair service and it is NOT WORKING. So, how do I get my money back?",Thu Nov 23 06:56:11 +0000 2017,689399,@137148 We offer support via Twitter in English. Get help in Spanish here: https://t.co/IBIY3vMgPj or join https://t.co/OczyRx7IOs,Thu Nov 23 14:31:57 +0000 2017,3,False,False,False,False,False,6,115858 | 115858 applesupport | shit | applesupport 115858 | wtf
1596662,"1596662,1596661",490515,@115858 I️ need y’all to fix these glitches with this question mark mess. | @AppleSupport Betttt!!,Sat Nov 04 18:43:33 +0000 2017,1596660,@490515 Thanks for reaching out! We'd love to help with this. Try these steps and let us know how it goes: https://t.co/xU1AGHStV6,Sat Nov 04 22:25:28 +0000 2017,3,False,False,False,False,False,7,question | mark | question mark | box | letter
1983416,1983416,587076,"@AppleSupport , figure this question mark for the I️ shit out. It’s annoying.",Wed Nov 01 22:02:30 +0000 2017,1983415,"@587076 We know how important this is, and we want to help. Please send us a DM letting us know the OS version you're using. https://t.co/GDrqU22YpT",Wed Nov 01 22:39:54 +0000 2017,2,False,False,True,False,False,7,question | mark | question mark | box | letter
1473351,1473351,461999,@AppleSupport wassupw oh all these question marks and boxes?,Fri Nov 03 00:33:19 +0000 2017,1473350,@461999 We are here to help answer those questions. Let's meet up in DM and discuss it. https://t.co/GDrqU22YpT,Fri Nov 03 01:34:30 +0000 2017,2,False,False,True,False,False,7,question | mark | question mark | box | letter
2714161,2714161,761936,why tf my phone keep updating &amp; I’m still seeing boxes with question marks? @115858 🤔,Mon Nov 20 03:42:14 +0000 2017,2714160,@761936 Thanks for reaching out to us. We'd like to help you and look into this further. Please DM us to continue working on this. https://t.co/GDrqU22YpT,Mon Nov 20 04:06:30 +0000 2017,2,False,False,True,False,False,7,question | mark | question mark | box | letter
1474170,1474170,462209,@AppleSupport Whenever I️ type a capital I it autocorrects to an A with a symbol next to it.,Thu Nov 02 18:56:33 +0000 2017,1474169,@462209 Thanks for reaching out. We're here to help. DM us so we can look into this further with you. https://t.co/GDrqU22YpT,Thu Nov 02 21:34:29 +0000 2017,2,False,False,True,False,False,7,question | mark | question mark | box | letter
1485408,1485408,464941,@AppleSupport ....wtf really goin on wit these question marks huh? https://t.co/OLaClz1aYB,Fri Nov 03 02:50:49 +0000 2017,1485407,@464941 We're here to help. DM us with your iPhone model and iOS version so we can get started. https://t.co/GDrqU22YpT,Fri Nov 03 03:52:00 +0000 2017,2,False,False,True,False,False,7,question | mark | question mark | box | letter
1441511,1441511,454447,@454448 @AppleSupport Every time I* try and type I* without the additional symbol to prevent it.,Thu Nov 02 04:44:26 +0000 2017,1441510,@454447 We'd like to look into this with you. Send us more details in a DM to get started. https://t.co/GDrqU22YpT,Thu Nov 02 12:19:30 +0000 2017,2,False,False,True,False,False,7,question | mark | question mark | box | letter
1449205,1449205,456281,Hey! It would be nice if my letter “I️” didn’t turn into some weird characters that I didn’t type. Thanks in advance! @AppleSupport,Thu Nov 02 15:09:41 +0000 2017,1449204,@456281 We'd like to help. DM us what iOS version you're on. https://t.co/GDrqU22YpT,Thu Nov 02 16:53:00 +0000 2017,2,False,False,True,False,False,7,question | mark | question mark | box | letter
1991054,1991054,589261,Hey @115858 how come my phone keeps autocorrecting my “I️” into a little question mark in a box 😂,Fri Nov 03 01:16:40 +0000 2017,1991053,@589261 We can take at look at this together. Please DM us the iOS version you're running to get started. We'll begin there. https://t.co/GDrqU22YpT,Fri Nov 03 02:18:31 +0000 2017,2,False,False,True,False,False,7,question | mark | question mark | box | letter
1699980,1699980,515531,"Okay Apple, what is up with these question marks everywhere???? I'm going crazy😩 @AppleSupport",Mon Nov 06 19:05:57 +0000 2017,1699979,@515531 Here’s what you can do to work around the issue until it’s fixed in a future software update: https://t.co/qODbOsp4wz,Mon Nov 06 21:03:01 +0000 2017,2,False,False,False,False,False,7,question | mark | question mark | box | letter
1470782,1470782,461389,Yo @115858 why every time I️ type the letter I️ this shit happens tf is going on I️,Thu Nov 02 23:49:00 +0000 2017,1470781,@461389 Let's look into this together. Meet us in DM with your device model and iOS version to continue. https://t.co/GDrqU2kzhr,Fri Nov 03 00:58:53 +0000 2017,2,False,False,True,False,False,7,question | mark | question mark | box | letter
687923,"687923,687922",227698,"@AppleSupport how can I️ stop my phone producing a capital A and a ? in a box, when I️ type a capital I️? Corrects itself in tweets and text but not on instant message or email | @AppleSupport Thank you.",Thu Nov 23 06:59:31 +0000 2017,687921,"@227698 We've got your back. An update has been released to assist with this issue. If you haven’t yet, please back up your device and update it to the latest version iOS 11.1.2. For more info, check out: https://t.co/xXaXeeSRt9",Thu Nov 23 14:22:00 +0000 2017,3,False,False,False,False,False,7,question | mark | question mark | box | letter
2205901,2205901,644968,@AppleSupport the iPhone X is nice and everything but I️ can’t type I️ without it coming out as a question mark.... when are y’all fixing this?,Thu Nov 09 17:41:01 +0000 2017,2205900,"@644968 An update has been released to assist with this issue. If you haven’t yet, please back up your device and update it to the latest version iOS 11.1.1. For more info, check out: https://t.co/80YRnjDFDk",Thu Nov 09 23:46:44 +0000 2017,2,False,False,False,False,False,7,question | mark | question mark | box | letter
2117265,2117265,624045,Can SOMEONE PLZ fix this!?! Every time I️ type i it alters to stupid question mark box. @115858. Crazy ridiculous ha. Atleast alter to 🍆 or.. https://t.co/f5AZjeLCjd,Wed Nov 08 05:21:34 +0000 2017,2117264,@624045 We can take a closer look at this with you. Send us a DM if you'd like to get started. https://t.co/GDrqU22YpT,Wed Nov 08 14:10:56 +0000 2017,2,False,False,True,False,False,7,question | mark | question mark | box | letter
2145648,2145648,237868,"Why tf do I keep getting a question mark in place of the letter ""I"" from other iPhone users? This shit is fucking stupid. @115858",Wed Nov 08 23:01:15 +0000 2017,2145647,@237868 Here’s what you can do to work around the issue until it’s fixed in a future software update: https://t.co/xXaXeeSRt9,Thu Nov 09 00:16:38 +0000 2017,2,False,False,False,False,False,7,question | mark | question mark | box | letter
550743,550743,248301,Today is 1st time my tweets have ever changed I️ to that question mark in a box. WTF @123765 and @115858 ?Thought this was fixed.,Sat Dec 02 17:58:53 +0000 2017,550742,@248301 We can help out. Is your device up to date? Let us know in a DM and we'll continue from there. https://t.co/GDrqU2kzhr,Sat Dec 02 19:00:00 +0000 2017,2,False,False,True,False,False,7,question | mark | question mark | box | letter
1137095,1137095,387863,"Dear @AppleSupport,

Why can't I type the letter ""i"" on my social media through your service?",Tue Oct 31 22:58:38 +0000 2017,1137094,@387863 Let's look into this. Make sure you're updated to iOS 11.1: https://t.co/80YRnjDFDk DM us if that doesn't take care of it. https://t.co/GDrqU22YpT,Tue Oct 31 23:08:00 +0000 2017,2,False,False,True,False,False,7,question | mark | question mark | box | letter
2114688,2114688,623460,Has anyone had a problem with their MacBook Pro suddenly _ailing to recognize a letter on the keyboard? It's just one _ing letter... @AppleSupport,Wed Nov 08 15:15:19 +0000 2017,2114687,@623460 DM us using the link below and let us know any troubleshooting steps you may have done on your own. https://t.co/GDrqU22YpT,Wed Nov 08 17:18:32 +0000 2017,2,False,False,True,False,False,7,question | mark | question mark | box | letter
1466103,"1466104,1466103",460292,"@115858 Version 10.3.2. But does the version really matter??? Others have updated to the latest version and are also having this issue. | Ok @115858 Every time some1 intends to write ""I"" there's an exclamation mark &amp; a question mark in a box showing instead; WHY?Please fix this🙃",Fri Nov 03 02:13:51 +0000 2017,"1483609,1466102",@460292 Thanks for letting us know. Please send us a DM and we'll continue this conversation there. https://t.co/GDrqU22YpT | @460292 We'd like to help. Which version of iOS are you running? You can check in Settings &gt; General &gt; About &gt; Version.,Fri Nov 03 02:58:00 +0000 2017,4,False,False,True,False,False,7,question | mark | question mark | box | letter
1482977,"1482977,1482976",464351,@115858 why do we have to type the letter eye now? Or some bs pop up. I️ gotta find a sub. Like say we or us. I️ hate that smh see!!! | @AppleSupport This why we still keep with y’all!!! SERVICE! Bouta slide in your DM💪🏾,Fri Nov 03 01:52:50 +0000 2017,1482975,@464351 Meet in us in DM so we can help. https://t.co/GDrqU22YpT,Fri Nov 03 02:38:18 +0000 2017,3,False,False,True,False,False,7,question | mark | question mark | box | letter
2492325,2492325,711526,Am I seeing “I” as an exclamation point and a question mark with a box everywhere? Wtf @115858!,Wed Nov 15 17:35:55 +0000 2017,2492324,"@711526 We've heard reports of this, and made it a priority to release a fix. Follow these steps to backup the device: https://t.co/tHicJHB57O

Then look to update the iOS software: https://t.co/ahjigcvFRG

Feel free to let us know if we can be of any further assistance. https://t.co/GDrqU22YpT",Wed Nov 15 18:06:33 +0000 2017,2,False,False,False,False,False,7,question | mark | question mark | box | letter
2013977,2013977,595517,@AppleSupport every time eye type the letter “i” a box comes up.. eye have iPhone 8 with the latest update #Buggy,Sun Nov 05 16:44:08 +0000 2017,2013976,@595517 We'd like to take a look at your autocorrect issue. DM us which iOS version you're using to get started. https://t.co/GDrqU22YpT,Sun Nov 05 17:00:00 +0000 2017,2,False,False,True,False,False,7,question | mark | question mark | box | letter
1497965,1497965,467795,@AppleSupport this update got me seeing a lot of question marks,Fri Nov 03 03:37:59 +0000 2017,1497964,@467795 What iOS version are you currently on? Let us know in Direct Message and we'll take a look. https://t.co/GDrqU22YpT,Fri Nov 03 12:52:36 +0000 2017,2,False,False,True,False,False,7,question | mark | question mark | box | letter
1981108,1981108,427003,@AppleSupport I️ want my question answered,Tue Oct 31 23:53:29 +0000 2017,1981107,@427003 We want to help you with this issue. Please send us a DM with what iOS version you have on the iPhone. https://t.co/GDrqU22YpT,Tue Oct 31 23:58:00 +0000 2017,2,False,False,True,False,False,7,question | mark | question mark | box | letter
1618235,"1618235,1618234",496156,@115858 @AppleSupport wassup w this “A” &amp; a question mark in a box thing i’ve been seeing since my phone updated?! | @AppleSupport you're having ppl manually change this because the update can't be fixed? preposterous. as a frequent apple user.. im sincerely annoyed,Sun Nov 05 05:29:49 +0000 2017,1618233,@496156 Thanks for reaching out. We currently have a workaround for this. Here's how: https://t.co/xXaXeeSRt9,Sun Nov 05 14:59:27 +0000 2017,3,False,False,False,False,False,7,question | mark | question mark | box | letter
1655575,1655575,505241,@AppleSupport why the frick does my keyboard keep fricking up and making weird question marks &amp;&amp; stuff when I️ post ??? ?? ??,Mon Nov 06 01:49:03 +0000 2017,1655574,@505241 Here’s what you can do to work around the issue until it’s fixed in a future software update: https://t.co/xXaXeeSRt9,Mon Nov 06 03:21:00 +0000 2017,2,False,False,False,False,False,7,question | mark | question mark | box | letter
1642525,1642525,502062,hey can you explain why i keep getting this A question mark when i type “I” @AppleSupport ? https://t.co/PzZ4gaE3OF,Sun Nov 05 23:12:45 +0000 2017,1642524,@502062 Here’s what you can do to work around the issue until it’s fixed in a future software update: https://t.co/xXaXeeSRt9,Mon Nov 06 00:41:26 +0000 2017,2,False,False,False,False,False,7,question | mark | question mark | box | letter
2041703,2041703,603699,"This would be nice if @115858 would fix the ninth letter of the alphabet so that it doesn’t correct to an exclamation/question mark duo when it stands alone, typically at the beginning of sentences used to refer to oneself. But hey, it’s not my call, only @115858 has the ability to https://t.co/pb6IdhpcD9",Wed Nov 08 02:00:56 +0000 2017,2041702,@603699 Here’s what you can do as a work around until it’s fixed in a future software update: https://t.co/qODbOsp4wz DM us questions. https://t.co/GDrqU22YpT,Wed Nov 08 04:32:56 +0000 2017,2,False,False,True,False,False,7,question | mark | question mark | box | letter
1454541,"1454541,1454540",457593,@AppleSupport why can’t I️ type the letter “I️” without having a symbol pop up?!? | @AppleSupport 11.1!,Thu Nov 02 12:22:55 +0000 2017,1454539,@457593 We're here for you. What version of the iOS are you running? Check by tapping Settings &gt; General &gt; About.,Thu Nov 02 15:10:55 +0000 2017,3,False,False,False,False,False,7,question | mark | question mark | box | letter
1774207,1774207,172431,@533202 @115858 @797 If EYE type the letter EYE; it shows up like this: I️ I️ #bullshit,Wed Nov 08 00:49:59 +0000 2017,1774206,@172431 Here’s what you can do to work around the issue until it’s fixed in a future software update: https://t.co/xXaXeeSRt9,Wed Nov 08 03:53:30 +0000 2017,2,False,False,False,False,False,7,question | mark | question mark | box | letter
2267358,2267358,659911,🏋🏽 at my halfway mark my wireless @118845 fuckin died so no music today but still gng in hard! #workoutmotivation 👊🏼💦💪🏽,Thu Oct 19 17:42:29 +0000 2017,2267357,@659911 We want to help. DM us and we'll work together from there. https://t.co/GDrqU22YpT,Thu Oct 19 18:16:01 +0000 2017,2,False,False,True,False,False,7,question | mark | question mark | box | letter
1658716,1658716,506081,"If @115858 could hurry up and fix the issue with typing the letter eye, that would be great.   I’m tired of see the question mark...",Mon Nov 06 02:52:42 +0000 2017,1658715,@506081 Here’s what you can do to work around the issue until it’s fixed in a future software update: https://t.co/uQeXsrrlXJ,Mon Nov 06 04:45:51 +0000 2017,2,False,False,False,False,False,7,question | mark | question mark | box | letter
1576451,1576451,485686,@AppleSupport can you stop my phone from glitching when I️ type the letter I️,Sat Nov 04 13:29:28 +0000 2017,1576450,@485686 Hi there! This should help you out: https://t.co/xU1AGHStV6,Sat Nov 04 18:19:00 +0000 2017,2,False,False,False,False,False,7,question | mark | question mark | box | letter
2784636,2784636,777509,@115858 @122986: @126972 app on iOS11 keeps freezing every now and then whenever the orientation is changed on my iphone 7 #RuiningCustomerExperience #issue,Tue Nov 21 18:04:02 +0000 2017,2784635,"@777509 We want you to be able to enjoy your device. Have you gone through the steps listed here: https://t.co/fUZ0NRJxcn If not, let's give that a try. Let us know how it goes.",Tue Nov 21 18:17:31 +0000 2017,2,False,False,False,False,False,8,iphone | applesupport iphone | plus | 6s | iphone 6s
2520677,"2520677,2520676",717966,@AppleSupport excuse me but iPhone isn’t making calls... would you all like to tell me why that is? | @AppleSupport My carrier is AT&amp;T . Also I will follow the steps provided . Thank you,Thu Nov 16 01:00:41 +0000 2017,"2520675,2520678","@717966 We're happy to assist. So we're sure of the details, which carrier are you currently using? Also, are you showing an available carrier update? If needed, the steps to check are here: https://t.co/sAc6FQIdW2 Let us know and we'll continue. | @717966 It's our pleasure. If you have any questions about the steps, let us know in DM. We'll be happy to help. https://t.co/GDrqU22YpT",Thu Nov 16 01:36:24 +0000 2017,4,False,False,True,False,False,8,iphone | applesupport iphone | plus | 6s | iphone 6s
2255319,"2255319,2255318,2255335",656901,"@AppleSupport hi 🍎 I’ve been having trouble with a black screen self camera, while the front facing camera is normal. I can’t even FaceTime.  I have an iPhone seven and it just started acting this way. My phone isn’t cracked or anything. Any suggestions or help? | @656901 @AppleSupport My camera doesn’t work at all now. Even the app is gone | @AppleSupport Okay! Done. Nothing blocking the screen and i forced the apps closed but still a black screen",Fri Nov 10 21:49:20 +0000 2017,"2255320,2255317,2255336","@656901 Let's work together to get your camera to see you again! First, make sure there's nothing blocking the camera, if you have a case or protector, try removing it. If there's no change, let's force both the Camera and FaceTime apps to close: https://t.co/RqqIctrDWV | @656900 We'd be happy to help. Which iPhone do you own? Which iOS version shows in Settings &gt; General &gt; About? | @656901 Let's also try restarting your iPhone normally, using the recommended steps found here: https://t.co/OWRDHWSt4h If you're still seeing the black screen after restarting, meet us in DM where we can learn more about your iPhone, and plan the best path to a solution. https://t.co/GDrqU22YpT",Sat Nov 11 00:20:55 +0000 2017,6,False,False,True,False,False,8,iphone | applesupport iphone | plus | 6s | iphone 6s
1924282,1924282,572776,Frustrated with iPhone bugs @115858 @116333 https://t.co/f2jq7yoMQb,Fri Oct 27 05:23:23 +0000 2017,1924281,@572776 We'd like to take a closer look at the issues you're having with your iPhone. DM us more details to get started. https://t.co/GDrqU22YpT,Fri Oct 27 12:20:00 +0000 2017,2,False,False,True,False,False,8,iphone | applesupport iphone | plus | 6s | iphone 6s
949686,"949686,949685,949688,949690",345239,@AppleSupport my iPhone keeps putting itself on mute randomly | @AppleSupport iPhone 7 and 11.0.3 | @AppleSupport Tried that but two minutes later it went on mute - it was fine before the last update | @AppleSupport Yes,Sat Oct 21 17:32:09 +0000 2017,"949684,949687,949689,949691","@345239 We can help with that. Which iPhone do you own? What's the iOS version in Settings &gt; General &gt; About? | @345239 Have you tried powering off and restarting your iPhone? If not, follow the steps here &amp; report back: https://t.co/n9BF3L9h6y | @345239 Is the Ring/Silence switch on your iPhone working as expected? Check this out: https://t.co/45AlFnF6Ae | @345239 Thanks for trying that. Meet us in DM and we'll look into this a bit closer: https://t.co/GDrqU22YpT",Sat Oct 21 19:49:31 +0000 2017,8,False,False,True,False,False,8,iphone | applesupport iphone | plus | 6s | iphone 6s
2471924,"2471924,2471923",308800,@AppleSupport My iPhone 7+ keeps becoming unresponsive continuously and I can’t hard reset holding home button &amp; lock. IOS up to date #Help | @AppleSupport Doh! I thought I wasn’t getting anything. I have tried this and will see if it solves the problem. Just keep getting u responsive screen 😏,Sun Oct 29 21:36:49 +0000 2017,2471922,"@308800 For an iPhone 7 Plus, press and hold both the Side and Volume Down buttons for at least 10 seconds, until you see the Apple logo.",Sun Oct 29 21:44:00 +0000 2017,3,False,False,False,False,False,8,iphone | applesupport iphone | plus | 6s | iphone 6s
1802719,1802719,472741,@115858 It's finally succumbed to the touch disease that's plagued it for 12 months. Bad times! Just over five years since I had my first iPhone.,Fri Oct 13 09:55:01 +0000 2017,1802718,@472741 Let's take a look at it together. When did this start? Have you updated to iOS 11.0.3? Let us know in DM and we'll get started. https://t.co/GDrqU22YpT,Fri Oct 13 13:57:00 +0000 2017,2,False,False,True,False,False,8,iphone | applesupport iphone | plus | 6s | iphone 6s
974432,974432,351087,@AppleSupport - This latest update has really f’ed up my iPhone 6!!!  Low sales on the overpriced new iPhone a coincidence???  #DoubtIt,Sun Oct 22 02:00:11 +0000 2017,974431,@351087 We're here to help. Tell us what issue you are having with your iPhone and we'll be happy to look into it with you.,Sun Oct 22 03:41:31 +0000 2017,2,False,False,False,False,False,8,iphone | applesupport iphone | plus | 6s | iphone 6s
2001720,2001720,591901,"I'm sure things are hectic w/ the iPhone X launch, but @115858 really needs to do something about this predictive texting issue!",Fri Nov 03 16:09:06 +0000 2017,2001719,"@591901 Thanks for reaching out. So we can help, DM us the device you're using, the iOS version and some details about your experience. https://t.co/GDrqU22YpT",Fri Nov 03 21:06:28 +0000 2017,2,False,False,True,False,False,8,iphone | applesupport iphone | plus | 6s | iphone 6s
549628,549628,247984,Hello @AppleSupport . My iPhone 7 keeps restarting every minute. Can you help on this please? My current software version is 11.1.2. The screenshot below https://t.co/fEw1UVbrzL,Sat Dec 02 13:05:14 +0000 2017,549627,@247984 We can help! Let's take a look here: https://t.co/osZOKKTalm,Sat Dec 02 18:30:36 +0000 2017,2,False,False,False,False,False,8,iphone | applesupport iphone | plus | 6s | iphone 6s
1406225,1406225,446864,Had my iPhone 8 for literally a week and the ear phones are already broken @115858 @35935,Wed Nov 01 21:33:39 +0000 2017,1406224,@446864 We want to help with this. Reach out to us in DM. https://t.co/GDrqU22YpT,Wed Nov 01 22:08:01 +0000 2017,2,False,False,True,False,False,8,iphone | applesupport iphone | plus | 6s | iphone 6s
1942626,1942626,577623,"@AppleSupport my volume controls and speakerphone consistently stop working on my iPhone 7 Plus, have to hard restart multiple times a day",Mon Oct 30 01:03:53 +0000 2017,1942625,@577623 We'd love to help with your volume and speaker! Which version of iOS are you using? Send us a DM to let us know. https://t.co/GDrqU22YpT,Mon Oct 30 01:09:09 +0000 2017,2,False,False,True,False,False,8,iphone | applesupport iphone | plus | 6s | iphone 6s
2302690,2302690,668201,"@AppleSupport hello!!! I have a iPhone X. Today suddenly appeared a green line to the right of the screen
Is there some update? due the problem and how it is fixed? 🙁",Sun Nov 12 16:11:57 +0000 2017,2302689,@668201 We want you to fully enjoy your new phone. What's the exact iOS version installed? Send us a DM &amp; we'll continue working together there. https://t.co/GDrqU22YpT,Sun Nov 12 18:57:00 +0000 2017,2,False,False,True,False,False,8,iphone | applesupport iphone | plus | 6s | iphone 6s
873935,"873933,873935",327478,"@AppleSupport iOS11 in iPhone 6 is very slow.The notifications doesn’t works correctly and in the menus have the same problems. Please, resolve this issue | iOS11 en el iPhone6 no va todo lo bien que esperaba, incluso se nota mas lentitud en los menús,colgándose en ocasiones @AppleSupport @115858",Fri Oct 20 19:47:02 +0000 2017,"873932,873934",@327478 We'd like to look into these issues with you. DM us about this and we'll continue there. https://t.co/GDrqU22YpT | @327478 We offer support via Twitter in English. Get help in Spanish here: https://t.co/IBIY3vMgPj or join https://t.co/OczyRx7IOs,Fri Oct 20 20:48:40 +0000 2017,4,False,False,True,False,False,8,iphone | applesupport iphone | plus | 6s | iphone 6s
1363222,"1363222,1363221",437418,"@AppleSupport why does my iPhone 7 Plus Keep crashing? | @AppleSupport It’s fully updated, all apps crash randomly with the phone., I use JEFIT a bunch, so I notice it most with that app.",Fri Oct 27 19:24:09 +0000 2017,"1363220,1363223",@437418 It’s important to have a reliable iPhone.  Any particular app crashing?  Which iOS version are you using? | @437418 Are all apps up-to-date as well? What happens after the apps unexpectedly close? Tell us in DM! https://t.co/GDrqU22YpT,Fri Oct 27 20:56:00 +0000 2017,4,False,False,True,False,False,8,iphone | applesupport iphone | plus | 6s | iphone 6s
2580536,2580536,731409,"@26589 @AppleSupport - When I create a radio station on the iPhone and I tell it ""Play Less Like This"" and ""Dislike"" a song, then STOP playing that same song over and over again!",Thu Nov 16 21:29:28 +0000 2017,2580535,@731409 We appreciate any feedback you can give us about Apple Music. Please use our official feedback form online here to be sure your voice is heard: https://t.co/eTPVYVFyd8,Thu Nov 16 22:38:51 +0000 2017,2,False,False,False,False,False,8,iphone | applesupport iphone | plus | 6s | iphone 6s
2005095,2005095,592939,@AppleSupport tried to setup iPhone X from Restore Backup and it asks for a password for my last iPhone 7+ backup (I've never encrypted),Sat Nov 04 00:29:25 +0000 2017,2005094,@592939 Is it possible to back up the older iPhone to iCloud and restore from that backup? Let us know in DM. https://t.co/GDrqU22YpT,Sat Nov 04 04:22:25 +0000 2017,2,False,False,True,False,False,8,iphone | applesupport iphone | plus | 6s | iphone 6s
2379282,2379282,686121,@AppleSupport Today i noticed a scratch inside of the camera housing on my iPhone X. It’s affecting photos that include light sources. I also rechecked this result with another iPhoneX that doesn’t have this “feature”. Can I get a replacement?,Sun Nov 26 17:21:42 +0000 2017,2379281,@686121 We're here for you. DM us your location and we'll go from there. https://t.co/GDrqU22YpT,Sun Nov 26 17:40:56 +0000 2017,2,False,False,True,False,False,8,iphone | applesupport iphone | plus | 6s | iphone 6s
1949792,1949792,579179,"@AppleSupport message app stopped working on iphone 6s plus running 11.0.3 ... when trying to open, long delay, then back to home screen",Sun Oct 29 04:24:16 +0000 2017,1949791,@579179 Thanks for reaching out. How long has this been happening? Have you taken any troubleshooting steps? Let us know via DM. https://t.co/GDrqU22YpT,Sun Oct 29 12:43:00 +0000 2017,2,False,False,True,False,False,8,iphone | applesupport iphone | plus | 6s | iphone 6s
2901986,2901986,744951,@AppleSupport I regularly have to turn my iPhone off and on in order to hear a dialling tone (or hear a caller). My iPhone recently was repaired for a damaged screen and they said my phone was fully functional but this problem continues.  Ideas?,Tue Nov 28 18:12:33 +0000 2017,2901985,@744951 Let's look into that. Send us a DM and we'll go from there. https://t.co/GDrqU22YpT,Tue Nov 28 18:26:01 +0000 2017,2,False,False,True,False,False,8,iphone | applesupport iphone | plus | 6s | iphone 6s
1872079,1872079,559029,"@AppleSupport ordered full price iPhone, express overnight. Fedex lost. your people tell me 4 days to resolve. need it tomorrow!!! android?",Fri Oct 20 02:12:02 +0000 2017,1872078,@559029 Thanks for reaching out to us for support. We would love to help you. Please DM us so that we can look into this together. https://t.co/GDrqU22YpT,Fri Oct 20 02:57:51 +0000 2017,2,False,False,True,False,False,8,iphone | applesupport iphone | plus | 6s | iphone 6s
2296298,"2296298,2296296",320377,@AppleSupport can you tell me why the call ring tone is the general default tone rather than the one I have downloaded and had for years on my iPhone | @AppleSupport I have 2 downloaded ages ago. I have changed it to other general  tones and it works normally. The  downloaded one I use plays the tune when selected but when anyone called the default sound rings. I have turned the phone on and off again,Sun Nov 12 16:24:03 +0000 2017,"2296297,2296295",@320377 We'd love to help. Have you tried toggling the ringtone to see if that's still set up correctly? | @320377 This page may help: https://t.co/Pm4DavkQln Send us a DM if you are still having issues. https://t.co/GDrqU22YpT,Sun Nov 12 19:01:00 +0000 2017,4,False,False,True,False,False,8,iphone | applesupport iphone | plus | 6s | iphone 6s
1564083,1564083,482980,"my iPhone and my wife’s iPhone are freezing, laggy, notifications don’t disappear, etc since ios11. @AppleSupport soo frustrating. :(",Sat Nov 04 04:42:06 +0000 2017,1564082,@482980 We are here to help. DM us your exact iOS version and we can take a look at this. https://t.co/GDrqU22YpT,Sat Nov 04 15:02:01 +0000 2017,2,False,False,True,False,False,8,iphone | applesupport iphone | plus | 6s | iphone 6s
2356587,"2356587,2356586",299962,Just moved to iPhone X and I keep getting this error message. I have no idea which item it is referring to? @AppleSupport @115858 #iOS11 https://t.co/vzHTgRCeR7 | @AppleSupport 11.1.1 - no just set up a brand new iPhone X and restored it from my old iPhone,Mon Nov 13 18:38:04 +0000 2017,"2356585,2356588",@299962 We're happy to assist. Which iOS version are you currently running? Go to Settings &gt; General &gt; About for the version.  Have you recently purchased anything from iTunes or the App Store? | @299962 Thanks for this information. Are there any apps that haven't completed downloading or didn't download from your old iPhone?,Mon Nov 13 19:36:00 +0000 2017,4,False,False,False,False,False,8,iphone | applesupport iphone | plus | 6s | iphone 6s
1697406,"1697406,1697405",514875,How come every time I get a new iPhone the back up sync loses about 400 songs? Spent ages making my playlists 😞. Sort it out @AppleSupport! | @AppleSupport I restore from the music library on iTunes.,Mon Nov 06 22:36:27 +0000 2017,"1697404,1697407",@514875 We'd like to look into this with you. Do you use iCloud Music Library? Or are these being restored from iTunes? | @514875 Are you an Apple Music or iTunes Match member? Were these purchased songs in iTunes or third-party?,Mon Nov 06 23:40:27 +0000 2017,4,False,False,False,False,False,8,iphone | applesupport iphone | plus | 6s | iphone 6s
1876951,1876951,513242,New iphone update is trash. My brand new iphone 6 is slower than molasses. @115858,Sun Oct 22 04:05:42 +0000 2017,1876950,@513242 We'd like to help get your iPhone back to working as it should. Let's move over to DM so we can get to work on this. https://t.co/GDrqU22YpT,Sun Oct 22 12:58:32 +0000 2017,2,False,False,True,False,False,8,iphone | applesupport iphone | plus | 6s | iphone 6s
1503030,1503030,468852,Ever since the new iPhone release my phone Is the lowest shittiest thing ever!!! Sort it out @115858,Sun Nov 26 02:21:38 +0000 2017,1503029,"@468852 We'd love to help! Please send us a DM with which version of iOS 11 you're updated to, and we'll investigate this together. https://t.co/GDrqU22YpT",Sun Nov 26 02:29:29 +0000 2017,2,False,False,True,False,False,8,iphone | applesupport iphone | plus | 6s | iphone 6s
1101048,1101048,379772,@AppleSupport the worst iOS ever!!! My iPhone always freezes out of nowhere and all i can do is restart!!! Wtf is going on!!!,Mon Oct 23 22:45:32 +0000 2017,1101047,@379772 We're here for you. Send us a DM with your current iOS version and we'll continue there. https://t.co/GDrqU22YpT,Mon Oct 23 22:52:00 +0000 2017,2,False,False,True,False,False,8,iphone | applesupport iphone | plus | 6s | iphone 6s
835403,835403,205135,@AppleSupport My iPhone 7 Plus randomly hangs for a long time. OS 11.0.2.,Mon Oct 09 02:59:49 +0000 2017,835402,"@205135 Let's move to DM, and we'll catch up there. https://t.co/GDrqU22YpT",Mon Oct 09 03:27:28 +0000 2017,2,False,False,True,False,False,8,iphone | applesupport iphone | plus | 6s | iphone 6s
1276584,1276584,418808,"Yo @115858 ios11 is dogshit. 
C'mon guys an iPhone 7 is not supposed to be buggy.",Tue Oct 17 12:58:15 +0000 2017,1276583,@418808 We're here to help. What issue(s) are you experiencing with your device? Let us know in DM. https://t.co/GDrqU22YpT,Tue Oct 17 14:14:00 +0000 2017,2,False,False,True,False,False,8,iphone | applesupport iphone | plus | 6s | iphone 6s
1355449,1355449,436062,@AppleSupport new iOS is absolute garbage! iPhone is plugged in and instead of charging I am watching as it loses power. from 10-3 in 30 sec,Fri Oct 27 16:40:18 +0000 2017,1355448,@436062 We'd like to hear more about what you're experiencing. DM us using the link below. https://t.co/GDrqU22YpT,Fri Oct 27 19:10:07 +0000 2017,2,False,False,True,False,False,8,iphone | applesupport iphone | plus | 6s | iphone 6s
2035830,2035830,601886,My iPhone is all kinds of fucked up @115858 better get their shit together,Tue Nov 07 16:55:30 +0000 2017,2035829,"@601886 We'd like to see how we can help with your iPhone. To get started, send us a DM with what's going on. We'll meet you there. https://t.co/GDrqU22YpT",Tue Nov 07 19:37:00 +0000 2017,2,False,False,True,False,False,8,iphone | applesupport iphone | plus | 6s | iphone 6s
2321395,2321395,672705,"I'm lost in Korea because I upgraded iPhone 11.1.1 What do I can not contact my family 😣
@115858 @204711 @AppleSupport",Mon Nov 13 05:46:24 +0000 2017,2321394,@672705 We'd love to help you with this. DM us more details about what's going on after you updated and we'll see how we can help. https://t.co/GDrqU22YpT,Mon Nov 13 14:05:28 +0000 2017,2,False,False,True,False,False,8,iphone | applesupport iphone | plus | 6s | iphone 6s
2939052,2939052,812341,"@AppleSupport @115858 You guys need to fix ios11, stat. Battery went from 100% to 6% in 4 hours... #BatteryLife #iPhone7 #bugfix",Tue Oct 31 19:38:45 +0000 2017,2939051,@812341  We want to help.  Send us a DM letting us know if you are updated to iOS 11.1 https://t.co/GDrqU22YpT,Tue Oct 31 19:44:35 +0000 2017,2,False,False,True,False,False,9,battery | life | battery life | ios11 | draining
2132162,"2132162,2132161",627457,@AppleSupport | @AppleSupport Voice control is ruining my life,Wed Nov 08 19:38:04 +0000 2017,"2132160,2132163",@627457 We'll be glad to help. Can you tell us more about what you're experiencing? | @627457 Thanks for the info. What happens when you try to use Voice Control? Send us a DM and we'll take a look together. https://t.co/GDrqU22YpT,Wed Nov 08 20:06:36 +0000 2017,4,False,False,True,False,False,9,battery | life | battery life | ios11 | draining
908482,908482,335759,And it’s not just the battery. So many apps are not working well and the connectivity within apps is terrible. @AppleSupport,Sat Oct 21 00:50:10 +0000 2017,908481,@335759 Please send us a DM and we can work on one issue at a time with you. Thanks. https://t.co/GDrqU22YpT,Sat Oct 21 02:52:30 +0000 2017,2,False,False,True,False,False,9,battery | life | battery life | ios11 | draining
2552558,2552558,725041,@AppleSupport 11.1.1 is a serious failure. Mad battery drain and incessant app crashing. Terrible.,Thu Nov 16 08:43:10 +0000 2017,2552557,@725041 We want to help. Let's move over to DM so we may look into this further. https://t.co/GDrqU22YpT,Thu Nov 16 14:45:31 +0000 2017,2,False,False,True,False,False,9,battery | life | battery life | ios11 | draining
1846500,1846500,553073,@AppleSupport iOS 11 has killed by battery life by 50%.  I have a iPhone 6. I charge it 2x a day now. At 12pm and at night time. What to do?,Thu Oct 19 18:44:29 +0000 2017,1846499,@553073 You’ve come to the right place! Let’s look into the battery performance together. Send a DM with the iOS version on your iPhone. https://t.co/GDrqU22YpT,Thu Oct 19 19:10:38 +0000 2017,2,False,False,True,False,False,9,battery | life | battery life | ios11 | draining
1679972,1679972,510865,"Ok, IPod Touch full battery charge 99% plug the cable out, 10 minutes later 20% explain that @115858",Mon Nov 06 09:46:39 +0000 2017,1679971,@510865 We're happy to assist. Which iOS version are you currently running? Go to Settings &gt; General &gt; About for the version.,Mon Nov 06 15:53:42 +0000 2017,2,False,False,False,False,False,9,battery | life | battery life | ios11 | draining
1153444,1153444,391389,@352118 @AppleSupport Seems to drain my battery faster too,Sun Oct 15 17:22:49 +0000 2017,1153443,"@391389 If you would like for us to assist with any issues you are having with your devices, let us know. We're here to help!",Sun Oct 15 17:45:30 +0000 2017,2,False,False,False,False,False,9,battery | life | battery life | ios11 | draining
2971333,2971333,819577,"@AppleSupport This iOS update- 11.2 has made my battery life go to hell. I can use my phone for literally ten minutes, then it crashes.",Thu Nov 30 00:37:18 +0000 2017,2971332,@819577 We understand how important battery life is. Let's look into support options together in DM. Send us a message and we'll follow up there. https://t.co/GDrqU22YpT,Thu Nov 30 00:45:00 +0000 2017,2,False,False,True,False,False,9,battery | life | battery life | ios11 | draining
2899000,"2899000,2898999,2898998,2899002,2899005",803139,"@AppleSupport Gimme tips to don’t waste the battery.in IOs11. By the way... I work with the phone. | @AppleSupport Yes, that is Ok, but... How you ask 700€ for a phone (best one, no doubts) and after an OS update... | @AppleSupport ..., the battery goes off in half an hour? there is no point... am i wrong? | @AppleSupport Listening music for example. | @AppleSupport I work with it. I use Music App, Spotify and a BT Speaker but this never happen bfore. Now, I use 2 Ext. Batteries to help the devices.",Tue Nov 28 17:24:50 +0000 2017,"2898997,2899001,2899003,2899006","@803139 We'd like to help with your battery life request. To maximize your battery life, check out these tips: https://t.co/bivpdfBNJ6 | @803139 If you'd like us to help troubleshoot what's happening on your iPhone, we'd be happy to assist. Do you charge with the original power cable? When using the iPhone, does this happen while using specific apps? | @803139 Good to know. Are you normally listening to the Music app, Pandora, Spotify, Sound Cloud, etc.? Do you use Bluetooth devices when listening to the music? | @803139 Understood. We understand how work devices can be very important. Let's continue to discuss this further together in a DM: https://t.co/GDrqU22YpT",Tue Nov 28 17:37:00 +0000 2017,9,False,False,True,False,False,9,battery | life | battery life | ios11 | draining
1152816,"1152816,1152815",391268,@AppleSupport Is there a reason why my phone battery life has gone down substantially? Better yet... How can I fix this? | @AppleSupport I have an iPhone 6Plus and I have iOS 11.0.3. I am not aware of any changes other than me upgrading to the 11.0.3,Tue Oct 24 16:50:17 +0000 2017,"1152814,1152817","@391268 Which iPhone model and iOS is this on? Also, have there been any major changes to your device? Let us know, we'd like to help. | @391268 Thanks for the information. We'd like to look at some additional details. DM us with the link below to continue. https://t.co/GDrqU22YpT",Tue Oct 24 17:18:34 +0000 2017,4,False,False,True,False,False,9,battery | life | battery life | ios11 | draining
1932779,"1932779,1932778",323545,@AppleSupport hey my battery life has suddenly become half. 100% to 30% with 3.5 hours of normal usage. Help! | @AppleSupport 11.0.3 on iPhone 7,Wed Oct 18 14:44:39 +0000 2017,"1932777,1932780",@323545 Let's check into this together. Which iOS version is installed? | @323545 thanks for following up. Send us a DM so we can keep working with you there. https://t.co/GDrqU22YpT,Wed Oct 18 15:37:34 +0000 2017,4,False,False,True,False,False,9,battery | life | battery life | ios11 | draining
103174,103174,138697,@AppleSupport @115858 why does my battery drain so fast now on iOS 11.1.2 I lose 10% in an hour or less and I don’t even use the phone. Im at 26% now https://t.co/5TKNP5nu2r,Thu Nov 30 17:44:14 +0000 2017,103173,@138697 We know how vital the battery is and we'll help. Are you using the Apple Lightning to USB cable and power adapter to charge your iPhone? You can DM us your answer. https://t.co/GDrqU22YpT,Thu Nov 30 18:03:32 +0000 2017,2,False,False,True,False,False,9,battery | life | battery life | ios11 | draining
1990374,1990374,589040,"@115858 you didn't do anything for battery problems on iOS 11.1, i've experienced same battery drain as 11.0.X releases. What's going on?",Thu Nov 02 14:08:34 +0000 2017,1990373,@589040 We know battery life is important and want to help. Please let us know in DM what's happening with your battery. https://t.co/GDrqU22YpT,Thu Nov 02 16:05:00 +0000 2017,2,False,False,True,False,False,9,battery | life | battery life | ios11 | draining
1376754,"1376754,1376753",440497,Is it only me or others are also facing #iPhone7 battery drain issue?? @AppleSupport @115858 | @AppleSupport 11.1,Sat Oct 28 01:20:36 +0000 2017,"1376752,1376755",@440497 We'd like to help. What iOS are you using? Settings &gt; General &gt; About. | @440497 Can you let us know if you experienced the battery drain before updating to the beta release? Please DM us to continue. https://t.co/GDrqU22YpT,Sat Oct 28 02:44:58 +0000 2017,4,False,False,True,False,False,9,battery | life | battery life | ios11 | draining
2000281,2000281,591456,My phone updated the other day now my battery dies fast as fuck... wtf @115858,Thu Nov 02 21:55:02 +0000 2017,2000280,@591456 We’d love to help with your battery life. Send us a DM letting us know which iPhone and exact software version you’re using. https://t.co/GDrqU22YpT,Thu Nov 02 23:36:00 +0000 2017,2,False,False,True,False,False,9,battery | life | battery life | ios11 | draining
1012355,"1012355,1012354",359546,@AppleSupport @115858 : its bcmg annoying day by day 👇🏽#ios11update pls fix it!! Or just tel me how can i jump back to #ios10 version https://t.co/aUFy0wJWYf | @AppleSupport Major drawback Battery drain... as well as brightness tab increases itself. Rotation orientation...Many other smaller issues,Sun Oct 22 16:56:02 +0000 2017,"1012353,1012356","@359546 We're happy to help resolve any issues with iOS 11. To start, can you tell us what's happening with your device? | @359546 Let's work on a solution together. To continue, please DM us with the country where you're located. https://t.co/GDrqU22YpT",Sun Oct 22 18:00:35 +0000 2017,4,False,False,True,False,False,9,battery | life | battery life | ios11 | draining
1857917,1857917,401194,"Dear @AppleSupport now I’m agrees that #iOS11 has terrible battery life, Please do the Best and FIX it please https://t.co/Tz4oq2ssSw",Thu Oct 19 10:59:26 +0000 2017,1857916,@401194 Let's take a look at this together. Have you already updated to iOS 11.0.3? Let us know in DM and we'll get started. https://t.co/GDrqU22YpT,Thu Oct 19 14:01:30 +0000 2017,2,False,False,True,False,False,9,battery | life | battery life | ios11 | draining
1858024,1858024,555594,Again #iOS11 bug! @AppleSupport please fix same with battery... 😩😤😡 https://t.co/xB7XqhlQbB,Thu Oct 19 11:04:24 +0000 2017,1858023,@555594 We'd like to help. Please let us know in DM which iOS 11 version is installed and a bit more about what's happening. https://t.co/GDrqU22YpT,Thu Oct 19 14:06:01 +0000 2017,2,False,False,True,False,False,9,battery | life | battery life | ios11 | draining
2698031,2698031,758081,#iphone7 battery now lasts half a day after release of # iPhonex #sameshit @115858,Sun Nov 19 19:39:27 +0000 2017,2698030,@758081 Hi there. Let's talk. We know battery life is essential and can help you pinpoint what's draining your battery. Please meet us in a DM and we'll check a few things together. https://t.co/GDrqU22YpT,Sun Nov 19 19:45:00 +0000 2017,2,False,False,True,False,False,9,battery | life | battery life | ios11 | draining
400863,"400863,400861",210814,iOS11 draining battery like crazy @115858 @AppleSupport need a fix for this soon. Can’t have the iPhone connected to the charger all time | @AppleSupport 11.0.2 battery life has gone from 9 hours to max 6 hours now,Mon Oct 09 17:24:19 +0000 2017,"400862,400860","@210814 That’s definitely not what we want for you. Let us know the version of iOS 11 your iPhone is on, and we’ll figure this out. | @210814 Let's look into this some more. Send us a DM and we'll continue from there. https://t.co/GDrqU22YpT",Mon Oct 09 18:27:00 +0000 2017,4,False,False,True,False,False,9,battery | life | battery life | ios11 | draining
148183,148183,149707,Last @115858 iOS update sucks!!!! Slow down my #iPhone6 and the battery dies so fast. Is this the way you're trying to sell iPhones? @AppleSupport Mobiles shouldn't have #PlannedObsolescence #mobile #iPhone #iPhone6 #iPhoneUpdate #AppleLovers,Fri Nov 24 11:04:31 +0000 2017,148182,"@149707 We want to help you with these issues so you can enjoy using your iPhone. 

Please send us a DM and let us know the exact iOS version you're using since updating your device, and we'll work together from there: https://t.co/GDrqU22YpT",Fri Nov 24 14:45:00 +0000 2017,2,False,False,True,False,False,9,battery | life | battery life | ios11 | draining
2747239,2747239,769272,"Replacement #IpadAir2 given to me yesterday by @115858 (I say given... £95 due to battery dying on old one) and said brand new one DOESN’T WORK.

Just awesome. 🙄🤔",Thu Nov 09 11:19:08 +0000 2017,2747238,@769272 We certainly understand wanting to have your iPad working and we'll do all we can to help get this resolved. Go ahead and reach out to us in DM and tell us more about what's going on with the iPad currently. We'll continue there. https://t.co/GDrqU22YpT,Thu Nov 09 15:53:03 +0000 2017,2,False,False,True,False,False,9,battery | life | battery life | ios11 | draining
2230052,"2230052,2230051",346168,"@115858 I really miss turning off my battery sucking auto brightness.
Include in next patch? I’m tired of charging 2x a day...didn’t used to have to! Can u fix? | @AppleSupport Ah ha!! That’s where it was hiding! Thank you very much!!",Fri Nov 10 05:44:41 +0000 2017,2230050,"@346168 No update needed for that setting, it just moved iOS 11. You can manage auto-brightness in Settings &gt; General &gt; Accessibility &gt; Display Accommodations. Let us know if that helps.",Fri Nov 10 14:46:31 +0000 2017,3,False,False,False,False,False,9,battery | life | battery life | ios11 | draining
396123,"396123,396122",209790,iOS 11.0.2 is so buggy. Never had so many issues after big releases. Im using an iPhone 7 Plus @115858 | @AppleSupport It freezes a lot and then resprings. Battery life also an issue event after switching off all that I can,Mon Oct 09 17:12:22 +0000 2017,"396121,396125",@209790 Let's take a closer look together. What exactly is happening on your iPhone since updating to iOS 11.0.2? | @209790 Send us a DM and we'll go form there. https://t.co/GDrqU22YpT,Mon Oct 09 18:17:40 +0000 2017,4,False,False,True,False,False,9,battery | life | battery life | ios11 | draining
1727695,"1727695,1727694",522465,@115858 @AppleSupport Very poor battery life of my new iPhone 7. I think there is a problem with my battery. | @AppleSupport I am using iOS 11.0.3. In all the iOS versions the battery backup was really poor. There is some serious problem with the battery.,Tue Oct 17 18:56:29 +0000 2017,"1727693,1727696",@522465 Let's check into this together. DM us which iOS version you're using and we'll work from there: https://t.co/GDrqU22YpT | @522465 Thanks. Let's get to DM for our next steps. https://t.co/GDrqU22YpT,Tue Oct 17 19:14:15 +0000 2017,4,False,False,True,False,False,9,battery | life | battery life | ios11 | draining
2062112,2062112,609858,@AppleSupport when can we expect a solution to faster battery drains with ios11 and its successors..?Seems Apple is helpless in this regard!,Fri Oct 06 05:41:24 +0000 2017,2062111,@609858 Let's work on this together. Please join us in DM and let us know which iOS version is installed on your iPhone to get started. https://t.co/GDrqU22YpT,Fri Oct 06 13:29:00 +0000 2017,2,False,False,True,False,False,9,battery | life | battery life | ios11 | draining
1901040,1901040,566531,Ever since the update my phone takes forever to charge and loses battery while plugged in to the charger...Thanks @115858 👌,Tue Oct 24 01:20:42 +0000 2017,1901039,"@566531 If you have battery concerns, we're happy to help. Meet us in DM so we can gather some device specific information. https://t.co/GDrqU22YpT",Tue Oct 24 01:27:26 +0000 2017,2,False,False,True,False,False,9,battery | life | battery life | ios11 | draining
1880736,1880736,561303,I’ve never known an iPhone crash so much at the minute. Battery draining like mad too 😡😡 @115858 @AppleSupport sort it out,Sat Oct 21 08:31:42 +0000 2017,1880735,@561303 Let's take a look at this together. Have you already updated to iOS 11.0.3? Let us know in DM and we'll get started. https://t.co/GDrqU22YpT,Sat Oct 21 17:00:56 +0000 2017,2,False,False,True,False,False,9,battery | life | battery life | ios11 | draining
1623831,1623831,497387,"What is happening to the level of support @115858 @AppleSupport?? Phone and chat sessions cut off 4 times in total, battery draining in secs!",Sun Nov 05 11:37:49 +0000 2017,1623830,@497387 We'd like to help. DM us in which country or region you're located. https://t.co/GDrqU22YpT,Sun Nov 05 17:55:30 +0000 2017,2,False,False,True,False,False,9,battery | life | battery life | ios11 | draining
1780446,1780446,534913,"Hey @115858, how about the next update fixes my shitty battery life. 30 minutes of Pandora shouldn’t put me at 64%... #kthx",Wed Oct 11 20:29:13 +0000 2017,1780445,@534913 This isn't what we want to have happen when you update your iPhone. Let's pair up in DM to take a closer look. https://t.co/GDrqU22YpT,Wed Oct 11 20:53:31 +0000 2017,2,False,False,True,False,False,9,battery | life | battery life | ios11 | draining
1923132,"1923132,1923131",184711,@AppleSupport when r u going 2 come up with a fix for those of us who utilized the upgrade?  My phone goes from 100% to 10% with regular use | @AppleSupport It show 11.0.3  Not only does it use battery life at a rapid rate but the screen comes up sideways and at times upside down.,Wed Oct 18 14:01:45 +0000 2017,"1923130,1923133",@184711 We'd love to take a look at this. Which version of iOS 11 are you using? You can find that in Settings &gt; General &gt; About. | @184711 When did you update to 11.0.3? Send us a DM and also let us know the country you're in. https://t.co/GDrqU22YpT,Wed Oct 18 15:09:02 +0000 2017,4,False,False,True,False,False,9,battery | life | battery life | ios11 | draining
1913289,1913289,569913,"I love owning an iPhone 7 Plus and having the battery life of an iPhone 3 after this update, thanks guys  @115858",Wed Oct 18 12:36:43 +0000 2017,1913288,@569913  We want to help.  Send us a DM letting us know if you're updated to iOS 11.0.3. https://t.co/GDrqU22YpT,Wed Oct 18 14:16:04 +0000 2017,2,False,False,True,False,False,9,battery | life | battery life | ios11 | draining
291839,"291839,291838",185501,"@115858 @AppleSupport seriously guys, what have you done to my phone? Very weird behaviour since updating to #iOS11 | @AppleSupport Can’t wake to home often, basic apps crash / don’t behave properly, battery drains much faster, just general crap stuff :(",Fri Oct 06 14:02:22 +0000 2017,"291837,291840",@185501 We want to help. What issues are you experiencing with your device? https://t.co/GDrqU22YpT | @185501 Let's look into that. Send us a DM and we'll go from there. https://t.co/GDrqU22YpT,Fri Oct 06 16:16:29 +0000 2017,4,False,False,True,False,False,9,battery | life | battery life | ios11 | draining
149959,149959,150187,Apple Face ID isn’t too secure on the iPhoneX . My non-identical twin just managed to access my phone! @8495 @AppleSupport @115858 #fail #apple #iphoneX #security #FaceID,Fri Nov 24 13:39:55 +0000 2017,149958,"@150187 We've got your DM's, and we look forward to working with you there.",Fri Nov 24 15:21:28 +0000 2017,2,False,False,True,False,False,10,apple | music | apple music | watch | store
2776020,2776020,775677,".@115948 @AppleSupport if I  enable iCloud Music Lib then I can’t manually manage existing playlists from Mac, this is crazy, pls fix it",Tue Nov 21 13:33:11 +0000 2017,2776019,@775677 We'd be happy to look into this with you. Can you provide us which version of macOS and iTunes you're using? The following link can help locate the macOS version: https://t.co/aTSJR8BjEc,Tue Nov 21 15:11:00 +0000 2017,2,False,False,False,False,False,10,apple | music | apple music | watch | store
2953792,"2953792,2953794",640620,"@AppleSupport Not talking about that shitty keyboard you changed once and which starts to be unresponsive again. | @AppleSupport Worst customer service experience ever with Apple. You asked me to boot in safe mode, sent me 2 useless DMs in 1h, didn't ask me anything nor investigate, then simply create a case with a fucking wrong subject. WTF @116333 ! I'm losing my time with you.",Wed Nov 29 18:58:57 +0000 2017,2953793,@640620 We've got some steps we'd like to take here to narrow down the cause of what you're seeing. Let's start with starting your Mac in Safe Mode to see if those issues are present: https://t.co/PQ4LSYhUTY and let us know what you see in DM and we'll work from there. https://t.co/GDrqU22YpT,Wed Nov 29 19:23:00 +0000 2017,3,False,False,True,False,False,10,apple | music | apple music | watch | store
2043541,2043541,565782,@115858 @AppleSupport Is #apple planning on another update since the latest one is draining batteries like crazy?,Wed Oct 04 22:25:28 +0000 2017,2043540,"@565782 You should enjoy using your device without worrying about battery life. Meet us in DM, and we'll see how we can help. https://t.co/GDrqU22YpT",Wed Oct 04 22:52:53 +0000 2017,2,False,False,True,False,False,10,apple | music | apple music | watch | store
109039,"109039,109038",140201,@AppleSupport  my apple music app wont load everytime i click it | @AppleSupport The newest one,Thu Nov 23 16:07:28 +0000 2017,"109040,109037",@140201 We can help out. What iOS version is the device currently on? | @140201 Got it. We've received your DM and you'll receive a response shortly to further assist you.,Thu Nov 23 17:13:00 +0000 2017,4,False,False,True,False,False,10,apple | music | apple music | watch | store
188453,188453,160225,Nevermind @AppleSupport this Apple TV is trash,Wed Oct 04 04:36:15 +0000 2017,188452,@160225 We'd like to get you over to our Apple TV team for assistance. Please follow the link to begin: https://t.co/IBIY3vMgPj,Wed Oct 04 13:02:01 +0000 2017,2,False,False,False,False,False,10,apple | music | apple music | watch | store
962687,"962687,962686",348441,hello why does apple music keep asking for permission to trust my phone whenever i open the app? @AppleSupport | @AppleSupport Yeah I do,Sat Oct 21 20:39:37 +0000 2017,"962685,962688",@348441 We'd love to look into what's causing the repeated authentication. Are you using an iOS device? | @348441 What version of iOS are you running? Go to Settings &gt; General &gt; About to obtain. Let's dig into this deeper over DM: https://t.co/GDrqU22YpT,Sat Oct 21 22:21:25 +0000 2017,4,False,False,True,False,False,10,apple | music | apple music | watch | store
375571,"375571,375569",205065,Has anyone else lost there Apple Music downloads after updating to iOS 11.0.2? @115858 | @AppleSupport My whole account was deleted,Mon Oct 09 00:58:52 +0000 2017,"375570,375568",@205065 Let's figure out what's going on with your Apple Music content. Are only downloaded songs missing? | @205065 We would like to talk with you further in DM. Please click the following link to get started. https://t.co/GDrqU22YpT,Mon Oct 09 01:30:00 +0000 2017,4,False,False,True,False,False,10,apple | music | apple music | watch | store
595813,595813,261186,"@AppleSupport why does my Apple ID say it doesn’t exist when I try to log in, i made an account with it ages when I try to make a new account with that email it says it already exists!",Sun Dec 03 18:11:18 +0000 2017,595812,"@261186 We're here to help. Our Account Security team can look into your Apple ID account and see what's going on. To get started, click here: https://t.co/UJm15vmMM2",Sun Dec 03 18:58:00 +0000 2017,2,False,False,False,False,False,10,apple | music | apple music | watch | store
596843,596843,261481,"@AppleSupport Hi Apple Support. My iMac suddenly reboots itself in the middle of the night since I installed boot camp. This only occurs when I am running Mac OS, when I wake up in the morning the computer is off. I have reinstalled Mac OS (without formatting) without success.",Sun Dec 03 19:05:27 +0000 2017,596842,"@261481 That's unexpected, but we'd be happy to help get your iMac working correctly. Join us in DM and let us know which version of macOS you're running. https://t.co/GDrqU22YpT",Sun Dec 03 19:37:00 +0000 2017,2,False,False,True,False,False,10,apple | music | apple music | watch | store
63191,63191,130496,@AppleSupport after downloading watchOS 4.1 Apple Music app downloads and freezes at 75% for hours. Any insight?,Wed Nov 01 21:05:07 +0000 2017,63190,@130496 Send us a DM with more details and include the country you're in. We'll do our best to help. https://t.co/GDrqU22YpT,Wed Nov 01 21:52:00 +0000 2017,2,False,False,True,False,False,10,apple | music | apple music | watch | store
1649585,1649585,435883,@115858 @AppleSupport your apple care + scam is deceiving can't even order a replacement for me to come pick up in store to do it all at once,Sun Nov 05 20:13:36 +0000 2017,1649584,@435883 We're here to assist. DM us more details here: https://t.co/GDrqU22YpT,Sun Nov 05 23:02:57 +0000 2017,2,False,False,True,False,False,10,apple | music | apple music | watch | store
1761082,1761082,529982,@AppleSupport Any way to unlock a apple watch from icloud activation lock mode? Want to buy one that is like this for cheap?,Tue Nov 07 18:33:55 +0000 2017,1761081,@529982 We'd be glad to help. Activation locks have to be removed by the person who owns the Apple ID Account. https://t.co/yYdDR7k0Bm,Tue Nov 07 20:29:32 +0000 2017,2,False,False,False,False,False,10,apple | music | apple music | watch | store
1992994,1992994,589820,@589821 @115858 Girl. I’m going crazy. Fix it Apple.,Fri Nov 03 03:06:02 +0000 2017,1992993,"@589820 Please DM us, we'd love to look into this typing issue with you and help. Which iPhone and version of iOS are you using? https://t.co/GDrqU22YpT",Fri Nov 03 12:17:04 +0000 2017,2,False,False,True,False,False,10,apple | music | apple music | watch | store
1372795,1372795,439501,"Too late @115858 sound works 50% of time, apps crashing constantly. #getagrip #Apple !! https://t.co/YE7t6znroG",Fri Oct 27 22:51:44 +0000 2017,1372794,"@439501 We'd like to look this over with you. Please meet us in DM so we may gather information, and better assist. https://t.co/GDrqU22YpT",Sat Oct 28 00:06:54 +0000 2017,2,False,False,True,False,False,10,apple | music | apple music | watch | store
432370,432370,217832,@AppleSupport is there any way to change Calendar on Apple Watch to a Monday start of week to match what is on my phone?,Tue Oct 10 13:43:48 +0000 2017,432369,@217832 We're here for you. DM us and we'll go from there. https://t.co/GDrqU22YpT,Tue Oct 10 15:33:47 +0000 2017,2,False,False,True,False,False,10,apple | music | apple music | watch | store
2835895,2835895,789358,Why am I being told I have to pay to download Instagram on my apple store @AppleSupport,Mon Nov 27 11:37:13 +0000 2017,2835894,@789358 We are here to help. DM us the details of your issue and we can take a look at this. https://t.co/GDrqU22YpT,Mon Nov 27 14:45:33 +0000 2017,2,False,False,True,False,False,10,apple | music | apple music | watch | store
1685194,"1685194,1685189,1685188,1685191",512053,@AppleSupport does Apple Watch charger covers under one year warranty | @AppleSupport It come with my watch | @AppleSupport It’s not working so how to claim the warranty | @AppleSupport I tried these steps it’s not getting charged but if I try with different charger then it’s getting charged,Tue Oct 17 16:10:34 +0000 2017,"1685193,1685187,1685190,1685192","@512053 We can provide some information on the warranty. Was this purchased separately or did it come with your Watch? Let us know in DM. https://t.co/GDrqU2kzhr | @512053 Got it. It should be covered under the same warranty as your Apple Watch. | @512053 If it won't charge your Apple Watch, let's try these steps first: https://t.co/WIvZlsk5oQ | @512053 Got it. Send us a DM with your country/location, and we'll go from there: https://t.co/GDrqU22YpT",Tue Oct 17 16:17:29 +0000 2017,8,False,False,True,False,False,10,apple | music | apple music | watch | store
770088,"770088,770087,770090",303891,"@AppleSupport is it possible to merge accounts? I have a new Apple ID on a recent iPhone and utilizing an older ID on iPad...1/2 | @AppleSupport Makes sense, thank you. How can I reset password for old account at least; no access to that email nor to the Phone # on account | @AppleSupport I will try it and let you know. Thanks!",Wed Oct 11 23:16:38 +0000 2017,"770086,770089",@303891 Thanks for reaching out to us. Apple IDs cannot be merged nor purchases transferred from one to another. | @303891 You can reset password for the ID using the steps here: https://t.co/fJnZYmbI9N,Wed Oct 11 23:29:34 +0000 2017,5,False,False,False,False,False,10,apple | music | apple music | watch | store
2984127,2984127,822883,"Just updated my iPhone and it looks Apple just throttled Chrome, same search, Chrome never load @115858 @122986 WTH",Mon Nov 20 17:46:47 +0000 2017,2984126,@822883 We’re happy to lend a hand. Does this happen when connected to multiple networks?,Mon Nov 20 17:57:31 +0000 2017,2,False,False,False,False,False,10,apple | music | apple music | watch | store
2071917,2071917,612787,"@AppleSupport May I know is this URL a legal apple URL?? If it is, what is it???  https://t.co/AvMGK4UcF4",Sat Oct 07 16:09:58 +0000 2017,2071916,@612787 Thanks for reaching out. Check out the steps here for pop-ups: https://t.co/x0pwcuPbr6 DM us if you have further questions. https://t.co/GDrqU22YpT,Sat Oct 07 18:43:00 +0000 2017,2,False,False,True,False,False,10,apple | music | apple music | watch | store
2888495,2888495,277915,@AppleSupport I’m Having Trouble With The App Store When It Comes Down To Me Not Being Able To Download Anything Because It Keeps Saying My Credit Card Is Invalid .,Tue Nov 28 04:21:21 +0000 2017,2888494,@277915 Our iTunes team would be happy to look into this with you.  Please reach out to them here:  https://t.co/SDIe7UiyJN,Tue Nov 28 13:14:00 +0000 2017,2,False,False,False,False,False,10,apple | music | apple music | watch | store
2293554,2293554,666024,APPLE GET YOUR FUCKING SHIT TOGETHER AND FIX THE “I️” KEY THIS IS SHAMEFUL @AppleSupport,Sat Nov 11 20:55:53 +0000 2017,2293553,"@666024 We recently released an iOS update, 11.1.1, that contains a fix for autocorrect issues. Let’s be sure to back up your device prior to updating. How to back up: https://t.co/4f8hwT5to6",Sat Nov 11 22:48:53 +0000 2017,2,False,False,False,False,False,10,apple | music | apple music | watch | store
2106422,2106422,621690,@AppleSupport it’s unbelievable you can’t fix a fundamental keyboard bug in a timely manner. You’d rather everyone look like illiterate assholes and use a lower case ‘i’ #apple #applebug #lame #amateurhour #qa101 #fail 😡,Wed Nov 08 04:37:14 +0000 2017,2106421,@621690 Here’s what you can do to work around the issue until it’s fixed in a future software update: https://t.co/xXaXeeSRt9,Wed Nov 08 13:44:28 +0000 2017,2,False,False,False,False,False,10,apple | music | apple music | watch | store
810837,"810837,810832,810831,810834",313197,"J'arrive plus à jumeler ma watch @AppleSupport | @AppleSupport Unable to pair watch with companion iPhone
It ask me for a update but she done and nothing append ! 
What did I need to do ? | @AppleSupport Apple Watch 1 and iPhone 6 | @AppleSupport It's saying that it's gonna check if the watch need an updateThe watch is update but nothing change and it's saying that the update is done.",Thu Oct 12 13:02:52 +0000 2017,"810836,810830,810833,810835","@313197  We offer support via Twitter in English. Contact us for help in your preferred language here: https://t.co/IBIY3vMgPj | @313197 We'd like to look into this with you. Which iPhone and Apple Watch are you using? | @313197 When you try to pair, is it saying the iPhone or the Apple Watch needs the update? | @313197 Let's go ahead and move to DM so we can look further into this. https://t.co/GDrqU22YpT",Thu Oct 12 14:53:29 +0000 2017,8,False,False,True,False,False,10,apple | music | apple music | watch | store
2404861,"2404861,2404860",691719,@AppleSupport where have my ringtones gone!!! Updated but now defaults to Apple ringtone. | @AppleSupport All sorted via google thanks 👍,Tue Nov 14 12:06:54 +0000 2017,"2404859,2404862","@691719 Thank you for contacting us for support. We'd like to lend a hand. We definitely want to make sure you can use your ringtones at anytime. Let's look into this together. Could you tell us which iPhone and iOS version you're using? | @691719 Great job! Thank you for keeping us updated! If you ever need any help, please let us know. Have a great day!",Tue Nov 14 15:10:28 +0000 2017,4,False,False,False,False,False,10,apple | music | apple music | watch | store
2276962,2276962,155290,@115858 I want to get the new iPhone X with monthly payments but the Apple store app says not taking reservations. May I ask why please?,Sat Nov 11 13:47:12 +0000 2017,2276961,@155290 We’re glad to help with ordering the new iPhone X! Our stores can show that when there are no available appointments. We’d like to refer you to our Sales team here for more help:  https://t.co/8yjRd1Xo0i,Sat Nov 11 17:48:28 +0000 2017,2,False,False,False,False,False,10,apple | music | apple music | watch | store
2622716,2622716,740957,"@AppleSupport my activity ring is not recording properly.  I cycled for 1:03:02, recording on my watch cycling activity and is says I exercised 2 mins. Do you have a solution for this!?",Fri Nov 17 14:33:06 +0000 2017,2622715,@740957 We're here to help. DM us the country you're located in &amp; we'll go from there and explore some options for you. https://t.co/GDrqU22YpT,Fri Nov 17 16:27:00 +0000 2017,2,False,False,True,False,False,10,apple | music | apple music | watch | store
1549974,1549974,479738,@AppleSupport my Apple Music isn’t working idk what’s wrong i pay for I️t every month,Wed Nov 08 03:02:16 +0000 2017,1549973,"@479738 We know how important your music is. DM us, and let us know what's going on with it. We'll help. https://t.co/GDrqU22YpT",Wed Nov 08 04:01:25 +0000 2017,2,False,False,True,False,False,10,apple | music | apple music | watch | store
1612679,1612679,407232,@AppleSupport  very bad service Apple service centre https://t.co/XTKwvT3B0n,Sun Nov 26 03:25:34 +0000 2017,1612678,@407232 Thanks for reaching out. DM us more info about your experience and we'll get you to the right spot. https://t.co/GDrqU22YpT,Sun Nov 26 04:02:00 +0000 2017,2,False,False,True,False,False,10,apple | music | apple music | watch | store
1269560,"1269560,1269559,1269563,1269562",372961,"@115858 @AppleSupport @118721 why does music I didnt sync to my phone end up on my phone I👏DONT👏WANT👏THAT. Fix it. | @AppleSupport Yes that is correct. | @AppleSupport Under Music settings on iOS I have switched Off Show Apple Music, Cellular Data. I have only sync the music I selected on iTunes but (1/2) | @AppleSupport content purchased from my iTunes account shows up in my list of songs to play. (2/2)",Thu Oct 26 11:21:09 +0000 2017,"1269558,1269561,1269564","@372961 We are happy to help. Are you using iTunes to sync Music to your device? | @372961 Is the music showing up on your device content through Apple Music, purchased in the iTunes Store, or tracks on your computer? | @372961 We'd like to continue helping out. Let's meet in DM. https://t.co/GDrqU22YpT",Thu Oct 26 14:11:00 +0000 2017,7,False,False,True,False,False,10,apple | music | apple music | watch | store
1828595,1828595,427316,@AppleSupport So annoying. I have a feeling it relates to two factor authentication. Why can’t I log into Apple ID on my laptop!,Tue Oct 17 07:50:24 +0000 2017,1828594,@427316 We'll get to the bottom of this together! What's the software version installed on your laptop? Please DM us to proceed. https://t.co/GDrqU22YpT,Tue Oct 17 13:46:36 +0000 2017,2,False,False,True,False,False,10,apple | music | apple music | watch | store
1161935,"1161935,1161934",393370,@115858 @AppleSupport still nothing. i'm about to lose my shit | @AppleSupport i was updating with itunes but i'm at the apple store now. thanks !,Tue Nov 07 15:08:44 +0000 2017,1161933,@393370 We're happy to help. Can you tell us if you're updating over the air or using iTunes?,Tue Nov 07 16:58:56 +0000 2017,3,False,False,False,False,False,10,apple | music | apple music | watch | store
2093708,2093708,618628,@AppleSupport you need to do something about the whole I️ turning into something else. Fucking ridiculous.,Wed Nov 08 03:38:20 +0000 2017,2093707,@618628 Here’s what you can do as a work around until it’s fixed in a future software update: https://t.co/xXaXeeSRt9 DM us any quesitons. https://t.co/GDrqU22YpT,Wed Nov 08 05:27:00 +0000 2017,2,False,False,True,False,False,11,help | applesupport help | need | help applesupport | help https
657236,657236,171708,@276443 @115858 Have 11.0.2. Didn’t help.,Thu Oct 05 13:19:09 +0000 2017,657235,@171708 Please reach out to us in DM and we'll continue from there. We appreciate your patience. https://t.co/GDrqU22YpT,Thu Oct 05 13:30:36 +0000 2017,2,False,False,True,False,False,11,help | applesupport help | need | help applesupport | help https
1017149,1017149,360665,"@AppleSupport hi, how to settle this??? Didnt get any text for verification code. Call also.... Help me plz https://t.co/PUkTfRB3hc",Thu Oct 12 10:12:09 +0000 2017,1017148,@360665 We'd like to help get you pointed in the right direction. Send us a DM &amp; we'll continue there. https://t.co/GDrqU22YpT,Thu Oct 12 14:15:32 +0000 2017,2,False,False,True,False,False,11,help | applesupport help | need | help applesupport | help https
2577079,"2577079,2577078",572887,"@AppleSupport i can't use my ID account 😭 says the ID account removed why | @AppleSupport I put my id account and my password but doesn't work it's tell me the id removed, i can't use the id to open the icloud. Can you help me by the serial number to open icloud?",Thu Nov 16 20:13:43 +0000 2017,"2577080,2577077",@572887 Please meet with us in DM and we'll provide additional info about this. You can do that by using the link below: https://t.co/GDrqU22YpT | @572887 Thanks for reaching out. We can definitely look into this with you. Can you tell us what you're working on when you see this message?,Fri Nov 17 00:02:29 +0000 2017,4,False,False,True,False,False,11,help | applesupport help | need | help applesupport | help https
54472,54472,128336,🗣HELP USSSSS @115858 https://t.co/ZWtU4qFv6C,Wed Nov 01 18:43:51 +0000 2017,54471,@128336 We want to help. Tell us more about what's happening in DM. https://t.co/GDrqU22YpT,Wed Nov 01 19:01:57 +0000 2017,2,False,False,True,False,False,11,help | applesupport help | need | help applesupport | help https
1913121,1913121,569864,Shouldn't have updated to the new #iphone IOS... Still ridiculous. @115858  you know people are having problems. Help us out.,Wed Oct 25 18:33:48 +0000 2017,1913120,@569864 We'd like to see how we can help. Please DM us the details of what you are experiencing and we'll go from there. https://t.co/GDrqU22YpT,Wed Oct 25 18:52:26 +0000 2017,2,False,False,True,False,False,11,help | applesupport help | need | help applesupport | help https
2005085,2005085,592935,Anyone familiar with @115858's #applewatch able to help me? @AppleSupport,Wed Oct 18 19:31:44 +0000 2017,2005084,"@592935 We'd love to help with your Apple Watch. Let us know, what you need assistance with to continue? https://t.co/GDrqU22YpT",Wed Oct 18 20:00:18 +0000 2017,2,False,False,False,False,False,11,help | applesupport help | need | help applesupport | help https
2003256,2003256,592365,@AppleSupport brand new iPhone X can’t be activated. Can you help? https://t.co/W4pBS0p8vq,Fri Nov 03 19:55:55 +0000 2017,2003255,@592365 We appreciate your patience and understanding. Please follow these steps and DM the results: https://t.co/Mhw9pFAK08 https://t.co/GDrqU22YpT,Fri Nov 03 23:57:30 +0000 2017,2,False,False,True,False,False,11,help | applesupport help | need | help applesupport | help https
2177403,2177403,638213,@AppleSupport my iPod 6th generation display is not available anywhere in India..please help,Thu Nov 09 10:08:24 +0000 2017,2177402,@638213 Thanks for reaching out. We can definitely look into your options with you. What's happening specifically with your iPod display? DM us and let us know. https://t.co/GDrqU22YpT,Thu Nov 09 15:28:00 +0000 2017,2,False,False,True,False,False,11,help | applesupport help | need | help applesupport | help https
2520763,2520763,717990,@AppleSupport my brother needs help with his Apple ID. ASAP hasn’t worked since may. He has a work order # and has received message saying he will receive a call to no avail. Please help!,Thu Nov 16 00:41:35 +0000 2017,2520762,@717990 Thanks for reaching out. We recommend having your brother visit https://t.co/npJieauGli so he can reset his security credentials and access his account again.,Thu Nov 16 01:25:27 +0000 2017,2,False,False,False,False,False,11,help | applesupport help | need | help applesupport | help https
2843862,"2843862,2843863",791137,@AppleSupport I've run through every online help forum available/deleted almost every app on my phone and STILL unable to update to iOS 11 HELP!!!!! | @AppleSupport Awesome! I have a 6s and I'm using Wifi. To use ITunes do I have to do it on a mac?,Mon Nov 27 17:29:51 +0000 2017,"2843861,2940375","@791137 We'd love to help you update! Which device are you using? Are you updating over Wi-Fi or through iTunes? | @791137 You can update via iTunes on a Mac or a PC so long as it has the latest version of iTunes. For more info on how to update using iTunes, check out this article: https://t.co/80YRnjDFDk",Mon Nov 27 17:39:01 +0000 2017,4,False,False,False,False,False,11,help | applesupport help | need | help applesupport | help https
554811,"554811,554810",249503,@AppleSupport could you help me with remotely checking my iPhone 7 battery health? It’s drowning really fast lately. Thanks! I’ll dm you the serial number and iOS version. | @AppleSupport Done! :),Sat Dec 02 17:36:57 +0000 2017,554809,@249503 We're here to help. Please DM us a few more details about what's going on with your battery and we'll dive in. Thanks. https://t.co/GDrqU22YpT,Sat Dec 02 20:35:51 +0000 2017,3,False,False,True,False,False,11,help | applesupport help | need | help applesupport | help https
1339744,1339744,432496,Hey @AppleSupport I received an email with a reservation number for a #iPhoneX but I am not unable to complete the process. HELP!,Fri Oct 27 10:48:45 +0000 2017,1339743,@432496 Thanks for reaching out. Our Online Store team is best suited to help you. You can reach them here:  https://t.co/8yjRd1Xo0i,Fri Oct 27 15:22:35 +0000 2017,2,False,False,False,False,False,11,help | applesupport help | need | help applesupport | help https
2406523,"2406523,2406524",692101,"Just updated my macbook pro to #HighSierra, it removed my Desktop and Documents folder and all my files with. @115858 @AppleSupport Please help me fix this. You could have taken more time to perfect #APFS before releasing #Apple | @115858 @AppleSupport @AppleSupport Already spent the entire day with your team without any resolution. Your guy promised me to call me back in half an hour with the fix. My friend lost his data too. Why did you release this buggy software and we can’t even downgrade",Tue Nov 14 14:11:33 +0000 2017,"2406522,2414309","@692101 Meet us in DM and we can dig in to this further with you from there and figure out our best options going forward. https://t.co/GDrqU22YpT | @692101 Reach out to us via DM, we do want to help out and that way we can dig into this with you further. https://t.co/GDrqU22YpT",Tue Nov 14 15:42:31 +0000 2017,4,False,False,True,False,False,11,help | applesupport help | need | help applesupport | help https
670636,670636,279981,@AppleSupport I need to speak to someone asap about an email I received. I need to know if it's fraud or not. It's really important,Thu Oct 05 12:05:27 +0000 2017,670635,@279981 We'd be happy to look into this with you. Please meet us in DM and we'll get started right away. https://t.co/GDrqU22YpT,Thu Oct 05 14:43:29 +0000 2017,2,False,False,True,False,False,11,help | applesupport help | need | help applesupport | help https
480629,"480629,480628,480631",229227,"@115858 hi @AppleSupport I was finally able to recover my account password &amp; all the contacts attached to it, but not the 13k photos that were on it. An @115858 person reset my phone when this whole mess started &amp; it wasn’t backed up.... any troubleshooting ideas or am I outta luck? https://t.co/OlRCmhduV3 | @AppleSupport Apparently they’re lost forever. Thankful for @126 @188 @917 (and daily snaps to @229228 &amp; my saving some pics along the way) so I could save some of my 2017 memories. Now that I have the iCloud set up correctly I shouldn’t ever lose that many pics again... | @AppleSupport Note: customer support was not very helpful throughout the last 2 weeks, and that’s disappointing because I really like my Apple products &amp; just wanted some resolution . I resolved everything with the help of friends &amp; troubleshooting problems myself via internet research...",Fri Dec 01 04:21:25 +0000 2017,"480627,480630","@229227 We know how important your photos are and we want to get you connected to our Photo team for help. Please use this link to get in contact with them: https://t.co/IBIY3vMgPj
Select Apps &amp; Software &gt; iOS apps. | @229227 We're glad we have you set up properly now. Let us know if you have any other questions or concerns. We'll do all we can to assist.",Fri Dec 01 13:14:00 +0000 2017,5,False,False,False,False,False,11,help | applesupport help | need | help applesupport | help https
982069,"982069,982068",352848,Since upgrading to 11.0.3 I’ve noticed that bluetooth has come on randomly. @AppleSupport | @AppleSupport This link does not help with issue of Bluetooth switching on randomly since the latest update,Sun Oct 22 09:01:53 +0000 2017,"982067,982070","@352848 We're here to help! Check out info on Bluetooth in iOS 11.0.3. This link has more info: https://t.co/G7BHuQnDS6 | @352848 Be sure to check the section titled, ""Turn off Wi-Fi and Bluetooth"". Directions there will turn Bluetooth off.",Sun Oct 22 14:23:30 +0000 2017,4,False,False,False,False,False,11,help | applesupport help | need | help applesupport | help https
244883,"244883,244882",174148,@AppleSupport why won’t Siri work on my brand new Mac?! It just keeps saying Siri Audio Problem?! | @AppleSupport Yes. I fixed it all. Thanks for the help.,Mon Oct 02 12:39:25 +0000 2017,244881,"@174148 Let's help get Siri working. To get started, is Siri currently enabled under System Preferences &gt; Siri?",Mon Oct 02 14:32:49 +0000 2017,3,False,False,False,False,False,11,help | applesupport help | need | help applesupport | help https
707445,"707445,707443",289127,"Ever since I upgraded my iOS,my phone has gone south! It freezes like mad,goes off on me,battery drains like wtf😭😭! Help me o @AppleSupport | @AppleSupport No I am not on the 11.0.2 yet  I am on 11.0.1 iPhone 6 64gb!",Tue Oct 10 16:50:04 +0000 2017,"707444,707442","@289127 We're here to help. This is something we'd can take a closer look into. What iPhone model do you have? Are you on iOS 11.0.2? | @289127 Understood. Send us a DM with more information, and we'll continue from there. https://t.co/GDrqU22YpT",Tue Oct 10 17:46:29 +0000 2017,4,False,False,True,False,False,11,help | applesupport help | need | help applesupport | help https
1542706,1542706,477937,@477938 @115858 Tbh u gave better help than Apple has so for that I️ applaud u,Fri Nov 03 18:56:43 +0000 2017,1542705,@477937 Let's look into this together. Reach out to us in a DM to get started. https://t.co/GDrqU22YpT,Fri Nov 03 23:08:00 +0000 2017,2,False,False,True,False,False,11,help | applesupport help | need | help applesupport | help https
1711307,1711307,518400,"@AppleSupport having trouble out of no where on older Apple TV, from both MacBook and iPhone. Will play for 2 seconds then freeze, Help!",Tue Nov 07 01:12:17 +0000 2017,1711306,@518400 We're here to help. Let's get you in contact with our Apple TV team here: https://t.co/IBIY3vMgPj,Tue Nov 07 01:53:00 +0000 2017,2,False,False,False,False,False,11,help | applesupport help | need | help applesupport | help https
2786403,"2786403,2786402,2786405,2786407",777930,"Can't access to my AppleID, I lost all my contacts/media and VERY important info on my 'Note' app. @AppleSupport just didn't help at all | @AppleSupport I did check, yet noting useful she asked me some Q’s and finally after an hr call she was like either forget it or wait 24hrs but she can’t guarantee that the second option is gonna work... | @AppleSupport @AppleSupport I’m not attacking or tryn to cause drama, I just really need the Info that’s on my note app. I’m an international student so Losing it is going to affect me because it has important University/Bank info. | @AppleSupport I just sent the DM",Tue Nov 21 18:43:30 +0000 2017,"2786401,2786404,2786406","@777930 Let's look into this for you. Have you reached out to our Account Security team here: https://t.co/0PATYGSGKU | @777930 Let's meet in DM and go over some options. https://t.co/GDrqU22YpT | @777930 We understand fully. So that we can look into your support options, can you tell us which country you are located in please? DM the response here: https://t.co/GDrqU22YpT",Tue Nov 21 18:52:25 +0000 2017,7,False,False,True,False,False,11,help | applesupport help | need | help applesupport | help https
2035334,2035334,601734,@AppleSupport Can you help me run a test to determine if I need to replace the battery?,Tue Nov 07 15:42:49 +0000 2017,2035333,@601734 Have you updated to 11.1 yet? https://t.co/80YRnjDFDk Send us a DM and let us know more details. Include the country you're in. https://t.co/GDrqU22YpT,Tue Nov 07 18:38:00 +0000 2017,2,False,False,True,False,False,11,help | applesupport help | need | help applesupport | help https
1458979,1458979,458638,Help- “No Caller ID” on my #iPhone call after call. Is there a way to block them? @AppleSupport,Thu Nov 02 18:32:20 +0000 2017,1458978,@458638 We're happy to help. DM us at the link below for further assistance. https://t.co/GDrqU22YpT,Thu Nov 02 20:57:52 +0000 2017,2,False,False,True,False,False,11,help | applesupport help | need | help applesupport | help https
1502981,"1502981,1502980,1502983",468836,@AppleSupport hello. I’m having trouble changing my iTunes Store location. Please help. https://t.co/ZIYKCREYI9 | @AppleSupport Just tried that as well. https://t.co/WuVFyToukD | @AppleSupport Okay.,Fri Nov 03 09:23:50 +0000 2017,"1502979,1502982,1502984","@468836 We'd love to help and recommend reaching out to our iTunes Store team directly: https://t.co/SDIe7UiyJN | @468836 Do you have access to a computer? If so, go ahead and try there to get started. | @468836 Thank you. If you continue to experience any issues, please meet us in DM. https://t.co/GDrqU22YpT",Fri Nov 03 15:52:25 +0000 2017,6,False,False,True,False,False,11,help | applesupport help | need | help applesupport | help https
1955601,"1955601,1955600",580424,ok @115858 bluetooth why does the iphone keep turning bluetooth on what a battery waste that is | @AppleSupport the only thing i use on that list is location services so why bluetooth would be usefull to me is pointless but thanks for your help,Wed Oct 18 16:45:58 +0000 2017,1955599,"@580424 For best performance, we actually advise keeping Bluetooth enabled. Here's a guide with information: https://t.co/G7BHuQnDS6",Wed Oct 18 17:33:27 +0000 2017,3,False,False,False,False,False,11,help | applesupport help | need | help applesupport | help https
553503,"553503,553502",249092,"@AppleSupport please can you help, my portrait mode has gone from perfect to being like the second picture no matter what the lighting is like? https://t.co/Qec2TuAD1o | @AppleSupport 11.1.2! It’s started the past week",Sat Dec 02 16:33:34 +0000 2017,"553501,553504","@249092 Help is here! What iOS version is your device currently running? When did this behavior first begin occurring? | @249092 We've recently released iOS version 11.2. Let's try updating your device and then testing to see if the behavior persists. Prior to doing so, we recommend creating a data backup. Here's an article to help you out: https://t.co/4f8hwT5to6",Sat Dec 02 20:10:34 +0000 2017,4,False,False,False,False,False,11,help | applesupport help | need | help applesupport | help https
2406694,2406694,151810,@115858 how can I download all my photos off iCloud? #icloud #iphone #help,Tue Nov 14 12:29:44 +0000 2017,2406693,"@151810 We'd be happy to help out with this. On iPhone, go to Settigns &gt; Photos and see if Download and Keep Originals is checked. If not, check that and it will download your photos to keep on your device. This may affect your device storage, just so you're aware.",Tue Nov 14 15:28:38 +0000 2017,2,False,False,False,False,False,11,help | applesupport help | need | help applesupport | help https
1404831,"1404831,1404830,1404833",446607,@115858 @116333 @119462 My reservation doesn’t work for #iPhoneX. I’ve called Support 6 times and they don’t know what to do! HELP 🆘😭 https://t.co/vfoXf5Kccl | @AppleSupport I have! I’ll resend it... it’s an infinite loop from twitter to phone support and back to you #IphoneXPreOrder nightmare 😓 | @AppleSupport “Thank you for explaining what happened with your iPhone order. We’d like to get you in touch with our Apple Online Store team”INFINITE LOOP,Sat Oct 28 17:50:06 +0000 2017,"1404829,1404832",@446607 We'd like to help.  Send us a DM with your current location and we'll go from there. https://t.co/GDrqU22YpT | @446607 We got your DM and we'll work together from there.,Sat Oct 28 18:28:00 +0000 2017,5,False,False,True,False,False,11,help | applesupport help | need | help applesupport | help https
481843,481843,229531,Someone help me fix this issue so I don’t have to pay @115858 a visit. Mama’s trying to save her coins. https://t.co/Wgs68qOcKS,Fri Dec 01 05:19:40 +0000 2017,481842,@229531 We'd be happy to look into this with you more in detail. Please reach out to us via DM and we'll get started. https://t.co/GDrqU22YpT,Fri Dec 01 13:50:02 +0000 2017,2,False,False,True,False,False,11,help | applesupport help | need | help applesupport | help https
2048552,2048552,605830,@115858 My music keeps skipping and pausing and going to the next song on my iPhone. Help?,Thu Oct 05 14:26:58 +0000 2017,2048551,@605830 We want you to be able to enjoy your music without issues. Let's meet in DM and we can take a look into this together. https://t.co/GDrqU22YpT,Thu Oct 05 15:38:35 +0000 2017,2,False,False,True,False,False,11,help | applesupport help | need | help applesupport | help https
1360118,1360118,437097,"Dear @AppleSupport, ppl see #NoCallerID even though it’s turned on. Turning it off-on again/reboot doesn’t help. Please advise. 5S 11.0.3.",Fri Oct 27 18:28:35 +0000 2017,1360117,"@437097 We're glad that you've mentioned this to us, please join us in DM to get started working on it. https://t.co/GDrqU22YpT",Fri Oct 27 20:25:01 +0000 2017,2,False,False,True,False,False,11,help | applesupport help | need | help applesupport | help https
2677454,2677454,753523,Hi @AppleSupport @115948 I subscribed to family sharing @ R89.99 pm but now I get billed twice per month. Got not help from iStores,Tue Oct 31 13:41:08 +0000 2017,2677453,@753523 We can get you to the right team. Billing issues are handled by iTunes Store support. Find them here: https://t.co/SDIe7UiyJN,Tue Oct 31 14:16:32 +0000 2017,2,False,False,False,False,False,11,help | applesupport help | need | help applesupport | help https
1500777,1500777,468431,@AppleSupport why has every single account on my phone signed me out of it over night?,Fri Nov 03 07:47:00 +0000 2017,1500776,@468431 We're here for you. Let us know in DM the iOS version on the iPhone to get started. https://t.co/GDrqU22YpT,Fri Nov 03 15:23:27 +0000 2017,2,False,False,True,False,False,5,phone | updated | applesupport phone | updated phone | freezing
2679770,"2679770,2679767,2679766",753991,As soon as i pay my phone off it starts to freeze every 5 minutes @AppleSupport y’all ain’t slick | @AppleSupport 7 plus &amp; 11.0.3 | @AppleSupport Widespread &amp; all of them are up to date,Tue Oct 31 15:05:27 +0000 2017,"2679769,2679765,2679768",@753991 We'd like to look into this with you. What iPhone model and iOS version are you using? | @753991 Is this happening with a particular app or is it more widespread? Are all of your apps up to date? | @753991 We'd like to take a deeper look into this with you. DM us and we'll continue there. https://t.co/GDrqU22YpT,Tue Oct 31 15:14:36 +0000 2017,6,False,False,True,False,False,5,phone | updated | applesupport phone | updated phone | freezing
1835548,1835548,550462,"@AppleSupport hi there, my iphone 6 plus became uncommonly hot and the battery draining faster than normal after the 11.0.3 update",Wed Oct 18 15:06:22 +0000 2017,1835547,@550462 Thanks for reaching out to us for support. We would love to help you. Please DM us so that we can troubleshoot together. https://t.co/GDrqU22YpT,Wed Oct 18 15:36:55 +0000 2017,2,False,False,True,False,False,9,battery | life | battery life | ios11 | draining
2634905,2634905,743857,@applesupport why did my iPhone &amp; iPad on the latest iOS update reset them themselves automatically to factory settings today? Several hours of work I didn’t need,Fri Nov 17 18:44:12 +0000 2017,2634904,@743857 Hi there. This not the experience we want you to have with updating. DM us and tell us more about how the devices were being used when this happened. Was it immediately after updating? https://t.co/GDrqU22YpT,Fri Nov 17 19:43:06 +0000 2017,2,False,False,True,False,False,4,update | new | new update | ios update | new ios
